slug,title,author,language,genre_category,length_bucket,word_count,reading_minutes,public_domain_rights_status,rights_tier,reader_status,audiobook_status,cover_status,current_production_status,audiobook_naturalness_status,asr_source_status,sync_tier,audio_provider,known_blockers,marketing_hook,target_audience,estimated_audiobook_cost_usd,release_confidence,weighted_launch_fitness
book-2b9853ec52,দুই বিঘা জমি,রবীন্দ্রনাথ ঠাকুর,ben,history-strategy,short,557,2,PASS,A,reader_ready,BENGALI_AUDIOBOOK_LIVE,CLOUDINARY_ASSIGNED,live,PASS_APPROVED,PASS_ACCEPTED_BY_TTS_BY_CONSTRUCTION_WITH_SUPPORTING_ASR,PARAGRAPH_OR_STANZA_SYNC_PREMIUM,Sarvam,,"First live Bengali audiobook: land, loss, and dignity in a compact Tagore classic.","Bengali readers, diaspora families, students, Tagore/Bankim/Sarat fans",0.0501,0.98,9.62
book-d19e96859f,গিন্নি,রবীন্দ্রনাথ ঠাকুর,ben,bengali-classics,short,1007,4,PASS,A,reader_ready,CANARY_CANDIDATE_NOT_GENERATED,CLOUDINARY_ASSIGNED,live,REPRESENTATIVE_EVIDENCE_REQUIRED_PER_TITLE,NOT_RUN,PARAGRAPH_OR_STANZA_SYNC_PREMIUM planned,Sarvam planned,Canary preflight candidate; full TTS currently blocked until Sarvam hook supports bounded canary and per-title representative evidence.,Bengali classic with strong cultural recall and reader-first appeal.,"Bengali readers, diaspora families, students, Tagore/Bankim/Sarat fans",0.0906,0.92,8.75
muchiram-gurer-jibanchorit,মুচিরাম গুড়ের জীবনচরিত,বঙ্কিমচন্দ্র চট্টোপাধ্যায়,ben,literary-fiction,short,913,4,PASS,A,reader_ready,CANARY_CANDIDATE_NOT_GENERATED,CLOUDINARY_ASSIGNED,live,REPRESENTATIVE_EVIDENCE_REQUIRED_PER_TITLE,NOT_RUN,PARAGRAPH_OR_STANZA_SYNC_PREMIUM planned,Sarvam planned,Canary preflight candidate; full TTS currently blocked until Sarvam hook supports bounded canary and per-title representative evidence.,Compact human drama suited to quote cards and audio teasers.,"Bengali readers, diaspora families, students, Tagore/Bankim/Sarat fans",0.0822,0.92,8.75
book-f5d593e1f4,রামকানাইয়ের নির্বুদ্ধিতা,রবীন্দ্রনাথ ঠাকুর,ben,bengali-classics,short,1407,6,PASS,A,reader_ready,CANARY_CANDIDATE_NOT_GENERATED,CLOUDINARY_ASSIGNED,live,REPRESENTATIVE_EVIDENCE_REQUIRED_PER_TITLE,NOT_RUN,PARAGRAPH_OR_STANZA_SYNC_PREMIUM planned,Sarvam planned,Canary preflight candidate; full TTS currently blocked until Sarvam hook supports bounded canary and per-title representative evidence.,Bengali classic with strong cultural recall and reader-first appeal.,"Bengali readers, diaspora families, students, Tagore/Bankim/Sarat fans",0.1266,0.92,8.75
book-4b944e64fa,একরাত্রি,রবীন্দ্রনাথ ঠাকুর,ben,literary-fiction,short,1785,8,PASS,A,reader_ready,NOT_APPROVED_OR_NOT_RUN,CLOUDINARY_ASSIGNED,live,NOT_PROVEN,NOT_RUN,,,,Compact human drama suited to quote cards and audio teasers.,"Bengali readers, diaspora families, students, Tagore/Bankim/Sarat fans",0.1607,0.9,8.43
book-2e468c4990,কাবুলিওয়ালা,রবীন্দ্রনাথ ঠাকুর,ben,bengali-classics,short,2284,10,PASS,A,reader_ready,NOT_APPROVED_OR_NOT_RUN,CLOUDINARY_ASSIGNED,live,NOT_PROVEN,NOT_RUN,,,,Bengali classic with strong cultural recall and reader-first appeal.,"Bengali readers, diaspora families, students, Tagore/Bankim/Sarat fans",0.2056,0.9,8.43
book-0deb35c750,খাতা,রবীন্দ্রনাথ ঠাকুর,ben,bengali-classics,short,1549,7,PASS,A,reader_ready,NOT_APPROVED_OR_NOT_RUN,CLOUDINARY_ASSIGNED,live,NOT_PROVEN,NOT_RUN,,,,Bengali classic with strong cultural recall and reader-first appeal.,"Bengali readers, diaspora families, students, Tagore/Bankim/Sarat fans",0.1394,0.9,8.43
book-c7f3ce526c,খোকাবাবুর প্রত্যাবর্তন,রবীন্দ্রনাথ ঠাকুর,ben,bengali-classics,short,2153,9,PASS,A,reader_ready,NOT_APPROVED_OR_NOT_RUN,CLOUDINARY_ASSIGNED,live,NOT_PROVEN,NOT_RUN,,,,Bengali classic with strong cultural recall and reader-first appeal.,"Bengali readers, diaspora families, students, Tagore/Bankim/Sarat fans",0.1938,0.9,8.43
book-1090573dff,ছুটি,রবীন্দ্রনাথ ঠাকুর,ben,young-readers,short,1791,8,PASS,A,reader_ready,NOT_APPROVED_OR_NOT_RUN,CLOUDINARY_ASSIGNED,live,NOT_PROVEN,NOT_RUN,,,,Accessible emotional classic with student/family appeal.,"Bengali readers, diaspora families, students, Tagore/Bankim/Sarat fans",0.1612,0.9,8.43
book-754da4eab8,তারাপ্রসন্নের কীর্তি,রবীন্দ্রনাথ ঠাকুর,ben,bengali-classics,short,1836,8,PASS,A,reader_ready,NOT_APPROVED_OR_NOT_RUN,CLOUDINARY_ASSIGNED,live,NOT_PROVEN,NOT_RUN,,,,Bengali classic with strong cultural recall and reader-first appeal.,"Bengali readers, diaspora families, students, Tagore/Bankim/Sarat fans",0.1652,0.9,8.43
book-a74c1a1451,দালিয়া,রবীন্দ্রনাথ ঠাকুর,ben,bengali-classics,short,2214,9,PASS,A,reader_ready,NOT_APPROVED_OR_NOT_RUN,CLOUDINARY_ASSIGNED,live,NOT_PROVEN,NOT_RUN,,,,Bengali classic with strong cultural recall and reader-first appeal.,"Bengali readers, diaspora families, students, Tagore/Bankim/Sarat fans",0.1993,0.9,8.43
book-ef193ffc52,দিদি,রবীন্দ্রনাথ ঠাকুর,ben,literary-fiction,short,2982,13,PASS,A,reader_ready,NOT_APPROVED_OR_NOT_RUN,DESIGNED_PLACEHOLDER_NO_SAFE_LOCAL_COVER,live,NOT_PROVEN,NOT_RUN,,,,Compact human drama suited to quote cards and audio teasers.,"Bengali readers, diaspora families, students, Tagore/Bankim/Sarat fans",0.2684,0.9,8.43
book-63afd5e9be,দেনাপাওনা,রবীন্দ্রনাথ ঠাকুর,ben,bengali-classics,short,1874,8,PASS,A,reader_ready,NOT_APPROVED_OR_NOT_RUN,CLOUDINARY_EXACT_1600X2400_CONTENT_SPECIFIC_ASSIGNED,live,NOT_PROVEN,NOT_RUN,,,,Bengali classic with strong cultural recall and reader-first appeal.,"Bengali readers, diaspora families, students, Tagore/Bankim/Sarat fans",0.1687,0.9,8.43
book-ac5a71075e,পোস্টমাস্টার,রবীন্দ্রনাথ ঠাকুর,ben,literary-fiction,short,1697,7,PASS,A,reader_ready,NOT_APPROVED_OR_NOT_RUN,CLOUDINARY_ASSIGNED,live,NOT_PROVEN,NOT_RUN,,,,Compact human drama suited to quote cards and audio teasers.,"Bengali readers, diaspora families, students, Tagore/Bankim/Sarat fans",0.1527,0.9,8.43
book-4968248842,বলাই,রবীন্দ্রনাথ ঠাকুর,ben,gothic-fiction,short,1274,5,PASS,A,reader_ready,NOT_APPROVED_OR_NOT_RUN,CLOUDINARY_ASSIGNED,live,NOT_PROVEN,NOT_RUN,,,,Gothic atmosphere and suspense for short-form literary discovery.,"Bengali readers, diaspora families, students, Tagore/Bankim/Sarat fans",0.1147,0.9,8.43
book-5704b31005,বিচারক,রবীন্দ্রনাথ ঠাকুর,ben,literary-fiction,short,2015,8,PASS,A,reader_ready,NOT_APPROVED_OR_NOT_RUN,CLOUDINARY_ASSIGNED,live,NOT_PROVEN,NOT_RUN,,,,Compact human drama suited to quote cards and audio teasers.,"Bengali readers, diaspora families, students, Tagore/Bankim/Sarat fans",0.1814,0.9,8.43
book-2ddbed8293,ব্যবধান,রবীন্দ্রনাথ ঠাকুর,ben,bengali-classics,short,1310,6,PASS,A,reader_ready,NOT_APPROVED_OR_NOT_RUN,CLOUDINARY_ASSIGNED,live,NOT_PROVEN,NOT_RUN,,,,Bengali classic with strong cultural recall and reader-first appeal.,"Bengali readers, diaspora families, students, Tagore/Bankim/Sarat fans",0.1179,0.9,8.43
book-88ded9b47c,মানভঞ্জন,রবীন্দ্রনাথ ঠাকুর,ben,literary-fiction,short,2915,12,PASS,A,reader_ready,NOT_APPROVED_OR_NOT_RUN,DESIGNED_PLACEHOLDER_NO_SAFE_LOCAL_COVER,live,NOT_PROVEN,NOT_RUN,,,,Compact human drama suited to quote cards and audio teasers.,"Bengali readers, diaspora families, students, Tagore/Bankim/Sarat fans",0.2624,0.9,8.43
book-5aedda79fe,শাস্তি,রবীন্দ্রনাথ ঠাকুর,ben,literary-fiction,short,2919,12,PASS,A,reader_ready,NOT_APPROVED_OR_NOT_RUN,DESIGNED_PLACEHOLDER_NO_SAFE_LOCAL_COVER,live,NOT_PROVEN,NOT_RUN,,,,Compact human drama suited to quote cards and audio teasers.,"Bengali readers, diaspora families, students, Tagore/Bankim/Sarat fans",0.2627,0.9,8.43
book-a4a369483f,সম্পত্তি সমর্পণ,রবীন্দ্রনাথ ঠাকুর,ben,literary-fiction,short,2297,10,PASS,A,reader_ready,NOT_APPROVED_OR_NOT_RUN,DESIGNED_PLACEHOLDER_NO_SAFE_LOCAL_COVER,live,NOT_PROVEN,NOT_RUN,,,,Compact human drama suited to quote cards and audio teasers.,"Bengali readers, diaspora families, students, Tagore/Bankim/Sarat fans",0.2067,0.9,8.43
book-fbdf2991ab,সুভা,রবীন্দ্রনাথ ঠাকুর,ben,literary-fiction,short,1433,7,PASS,A,reader_ready,NOT_APPROVED_OR_NOT_RUN,CLOUDINARY_ASSIGNED,live,NOT_PROVEN,NOT_RUN,,,,Compact human drama suited to quote cards and audio teasers.,"Bengali readers, diaspora families, students, Tagore/Bankim/Sarat fans",0.129,0.9,8.43
book-d2fe532e1c,স্বর্ণমৃগ,রবীন্দ্রনাথ ঠাকুর,ben,bengali-classics,short,2985,13,PASS,A,reader_ready,NOT_APPROVED_OR_NOT_RUN,CLOUDINARY_ASSIGNED,live,NOT_PROVEN,NOT_RUN,,,,Bengali classic with strong cultural recall and reader-first appeal.,"Bengali readers, diaspora families, students, Tagore/Bankim/Sarat fans",0.2686,0.9,8.43
book-bfc51280b3,অতিথি,রবীন্দ্রনাথ ঠাকুর,ben,literary-fiction,medium,5069,21,PASS,A,reader_ready,NOT_APPROVED_OR_NOT_RUN,DESIGNED_PLACEHOLDER_NO_SAFE_LOCAL_COVER,live,NOT_PROVEN,NOT_RUN,,,,Compact human drama suited to quote cards and audio teasers.,"Bengali readers, diaspora families, students, Tagore/Bankim/Sarat fans",0.4562,0.83,7.28
bn-027,অপরিচিতা,রবীন্দ্রনাথ ঠাকুর,ben,literary-fiction,medium,4054,17,PASS,A,reader_ready,NOT_APPROVED_OR_NOT_RUN,CLOUDINARY_ASSIGNED,live,NOT_PROVEN,NOT_RUN,,,,Compact human drama suited to quote cards and audio teasers.,"Bengali readers, diaspora families, students, Tagore/Bankim/Sarat fans",0.3649,0.83,7.28
bn-041,আঁধারে আলো,শরৎচন্দ্র চট্টোপাধ্যায়,ben,literary-fiction,medium,5066,21,PASS,A,reader_ready,NOT_APPROVED_OR_NOT_RUN,CLOUDINARY_ASSIGNED,live,NOT_PROVEN,NOT_RUN,,,,Compact human drama suited to quote cards and audio teasers.,"Bengali readers, diaspora families, students, Tagore/Bankim/Sarat fans",0.4559,0.83,7.28
bn-060,ইন্দিরা,বঙ্কিমচন্দ্র চট্টোপাধ্যায়,ben,literary-fiction,medium,5711,24,PASS,A,reader_ready,NOT_APPROVED_OR_NOT_RUN,CLOUDINARY_ASSIGNED,live,NOT_PROVEN,NOT_RUN,,,,Compact human drama suited to quote cards and audio teasers.,"Bengali readers, diaspora families, students, Tagore/Bankim/Sarat fans",0.514,0.83,7.28
book-9a7f771921,কর্মফল,রবীন্দ্রনাথ ঠাকুর,ben,literary-fiction,medium,9636,40,PASS,A,reader_ready,NOT_APPROVED_OR_NOT_RUN,DESIGNED_PLACEHOLDER_NO_SAFE_LOCAL_COVER,live,NOT_PROVEN,NOT_RUN,,,,Compact human drama suited to quote cards and audio teasers.,"Bengali readers, diaspora families, students, Tagore/Bankim/Sarat fans",0.8672,0.83,7.28
book-edfcf810c5,ক্ষুধিত পাষাণ,রবীন্দ্রনাথ ঠাকুর,ben,gothic-fiction,medium,3364,14,PASS,A,reader_ready,NOT_APPROVED_OR_NOT_RUN,DESIGNED_PLACEHOLDER_NO_SAFE_LOCAL_COVER,live,NOT_PROVEN,NOT_RUN,,,,Gothic atmosphere and suspense for short-form literary discovery.,"Bengali readers, diaspora families, students, Tagore/Bankim/Sarat fans",0.3028,0.83,7.28
book-c85323409f,জীবিত ও মৃত,রবীন্দ্রনাথ ঠাকুর,ben,gothic-fiction,medium,3459,15,PASS,A,reader_ready,NOT_APPROVED_OR_NOT_RUN,DESIGNED_PLACEHOLDER_NO_SAFE_LOCAL_COVER,live,NOT_PROVEN,NOT_RUN,,,,Gothic atmosphere and suspense for short-form literary discovery.,"Bengali readers, diaspora families, students, Tagore/Bankim/Sarat fans",0.3113,0.83,7.28
book-b9d47814a8,নিশীথে,রবীন্দ্রনাথ ঠাকুর,ben,gothic-fiction,medium,3512,15,PASS,A,reader_ready,NOT_APPROVED_OR_NOT_RUN,DESIGNED_PLACEHOLDER_NO_SAFE_LOCAL_COVER,live,NOT_PROVEN,NOT_RUN,,,,Gothic atmosphere and suspense for short-form literary discovery.,"Bengali readers, diaspora families, students, Tagore/Bankim/Sarat fans",0.3161,0.83,7.28
book-95624627d5,মধ্যবর্তিনী,রবীন্দ্রনাথ ঠাকুর,ben,literary-fiction,medium,3585,15,PASS,A,reader_ready,NOT_APPROVED_OR_NOT_RUN,DESIGNED_PLACEHOLDER_NO_SAFE_LOCAL_COVER,live,NOT_PROVEN,NOT_RUN,,,,Compact human drama suited to quote cards and audio teasers.,"Bengali readers, diaspora families, students, Tagore/Bankim/Sarat fans",0.3227,0.83,7.28
bn-031,মহেশ,শরৎচন্দ্র চট্টোপাধ্যায়,ben,literary-fiction,medium,3307,14,PASS,A,reader_ready,NOT_APPROVED_OR_NOT_RUN,CLOUDINARY_ASSIGNED,live,NOT_PROVEN,NOT_RUN,,,,Compact human drama suited to quote cards and audio teasers.,"Bengali readers, diaspora families, students, Tagore/Bankim/Sarat fans",0.2976,0.83,7.28
book-5461971092,মেঘ ও রৌদ্র,রবীন্দ্রনাথ ঠাকুর,ben,literary-fiction,medium,7459,31,PASS,A,reader_ready,NOT_APPROVED_OR_NOT_RUN,DESIGNED_PLACEHOLDER_NO_SAFE_LOCAL_COVER,live,NOT_PROVEN,NOT_RUN,,,,Compact human drama suited to quote cards and audio teasers.,"Bengali readers, diaspora families, students, Tagore/Bankim/Sarat fans",0.6713,0.83,7.28
radharani,রাধারাণী,বঙ্কিমচন্দ্র চট্টোপাধ্যায়,ben,literary-fiction,medium,5959,25,PASS,A,reader_ready,NOT_APPROVED_OR_NOT_RUN,CLOUDINARY_ASSIGNED,live,NOT_PROVEN,NOT_RUN,,,,Compact human drama suited to quote cards and audio teasers.,"Bengali readers, diaspora families, students, Tagore/Bankim/Sarat fans",0.5363,0.83,7.28
book-827fdc7aee,রাসমণির ছেলে,রবীন্দ্রনাথ ঠাকুর,ben,literary-fiction,medium,10546,44,PASS,A,reader_ready,NOT_APPROVED_OR_NOT_RUN,DESIGNED_PLACEHOLDER_NO_SAFE_LOCAL_COVER,live,NOT_PROVEN,NOT_RUN,,,,Compact human drama suited to quote cards and audio teasers.,"Bengali readers, diaspora families, students, Tagore/Bankim/Sarat fans",0.9491,0.83,7.28
book-a23625bf36,সমাপ্তি,রবীন্দ্রনাথ ঠাকুর,ben,literary-fiction,medium,5515,23,PASS,A,reader_ready,NOT_APPROVED_OR_NOT_RUN,DESIGNED_PLACEHOLDER_NO_SAFE_LOCAL_COVER,live,NOT_PROVEN,NOT_RUN,,,,Compact human drama suited to quote cards and audio teasers.,"Bengali readers, diaspora families, students, Tagore/Bankim/Sarat fans",0.4964,0.83,7.28
book-c307a57868,স্ত্রীর পত্র,রবীন্দ্রনাথ ঠাকুর,ben,literary-fiction,medium,4607,19,PASS,A,reader_ready,NOT_APPROVED_OR_NOT_RUN,DESIGNED_PLACEHOLDER_NO_SAFE_LOCAL_COVER,live,NOT_PROVEN,NOT_RUN,,,,Compact human drama suited to quote cards and audio teasers.,"Bengali readers, diaspora families, students, Tagore/Bankim/Sarat fans",0.4146,0.83,7.28
book-0986aeb7e3,হৈমন্তী,রবীন্দ্রনাথ ঠাকুর,ben,literary-fiction,medium,3954,17,PASS,A,reader_ready,NOT_APPROVED_OR_NOT_RUN,DESIGNED_PLACEHOLDER_NO_SAFE_LOCAL_COVER,live,NOT_PROVEN,NOT_RUN,,,,Compact human drama suited to quote cards and audio teasers.,"Bengali readers, diaspora families, students, Tagore/Bankim/Sarat fans",0.3559,0.83,7.28
book-0fbdaa730e,গুপ্তধন,রবীন্দ্রনাথ ঠাকুর,ben,adventure,medium,4616,19,PASS,A,reader_ready,NOT_APPROVED_OR_NOT_RUN,DESIGNED_PLACEHOLDER_NO_SAFE_LOCAL_COVER,live,NOT_PROVEN,NOT_RUN,,,,Classic literature positioned through a premium reader-first edition.,"Bengali readers, diaspora families, students, Tagore/Bankim/Sarat fans",0.4154,0.83,6.85
yugalanguriya,যুগলাঙ্গুরীয়,বঙ্কিমচন্দ্র চট্টোপাধ্যায়,ben,adventure,medium,4309,18,PASS,A,reader_ready,NOT_APPROVED_OR_NOT_RUN,CLOUDINARY_ASSIGNED,live,NOT_PROVEN,NOT_RUN,,,,Classic literature positioned through a premium reader-first edition.,"Bengali readers, diaspora families, students, Tagore/Bankim/Sarat fans",0.3878,0.83,6.85
bn-066,আনন্দমঠ,বঙ্কিমচন্দ্র চট্টোপাধ্যায়,ben,history-strategy,long,31456,133,PASS,A,reader_ready,NOT_APPROVED_OR_NOT_RUN,CLOUDINARY_ASSIGNED,live,NOT_PROVEN,NOT_RUN,,,LONG_FORM_AUDIO_COST_AND_QA_RISK,"Land, power, and memory with strong Bengali cultural resonance.","Bengali readers, diaspora families, students, Tagore/Bankim/Sarat fans",2.831,0.75,6.17
bn-059,কমলাকান্তের দপ্তর,বঙ্কিমচন্দ্র চট্টোপাধ্যায়,ben,literary-fiction,long,18958,80,PASS,A,reader_ready,NOT_APPROVED_OR_NOT_RUN,CLOUDINARY_ASSIGNED,live,NOT_PROVEN,NOT_RUN,,,LONG_FORM_AUDIO_COST_AND_QA_RISK,Compact human drama suited to quote cards and audio teasers.,"Bengali readers, diaspora families, students, Tagore/Bankim/Sarat fans",1.7062,0.75,6.17
nishkriti,নিষ্কৃতি,শরৎচন্দ্র চট্টোপাধ্যায়,ben,literary-fiction,long,13685,58,PASS,A,reader_ready,NOT_APPROVED_OR_NOT_RUN,CLOUDINARY_ASSIGNED,live,NOT_PROVEN,NOT_RUN,,,LONG_FORM_AUDIO_COST_AND_QA_RISK,Compact human drama suited to quote cards and audio teasers.,"Bengali readers, diaspora families, students, Tagore/Bankim/Sarat fans",1.2317,0.75,6.17
bn-035,বড়দিদি,শরৎচন্দ্র চট্টোপাধ্যায়,ben,literary-fiction,long,12075,51,PASS,A,reader_ready,NOT_APPROVED_OR_NOT_RUN,CLOUDINARY_ASSIGNED,live,NOT_PROVEN,NOT_RUN,,,LONG_FORM_AUDIO_COST_AND_QA_RISK,Compact human drama suited to quote cards and audio teasers.,"Bengali readers, diaspora families, students, Tagore/Bankim/Sarat fans",1.0868,0.75,6.17
bn-036,মেজদিদি,শরৎচন্দ্র চট্টোপাধ্যায়,ben,literary-fiction,long,13001,55,PASS,A,reader_ready,NOT_APPROVED_OR_NOT_RUN,CLOUDINARY_ASSIGNED,live,NOT_PROVEN,NOT_RUN,,,LONG_FORM_AUDIO_COST_AND_QA_RISK,Compact human drama suited to quote cards and audio teasers.,"Bengali readers, diaspora families, students, Tagore/Bankim/Sarat fans",1.1701,0.75,6.17
lokrahasya,লোকরহস্য,বঙ্কিমচন্দ্র চট্টোপাধ্যায়,ben,history-strategy,long,20800,88,PASS,A,reader_ready,NOT_APPROVED_OR_NOT_RUN,CLOUDINARY_ASSIGNED,live,NOT_PROVEN,NOT_RUN,,,LONG_FORM_AUDIO_COST_AND_QA_RISK,"Land, power, and memory with strong Bengali cultural resonance.","Bengali readers, diaspora families, students, Tagore/Bankim/Sarat fans",1.872,0.75,6.17
mrinalini,মৃণালিনী,বঙ্কিমচন্দ্র চট্টোপাধ্যায়,ben,adventure,long,29995,127,PASS,A,reader_ready,NOT_APPROVED_OR_NOT_RUN,CLOUDINARY_ASSIGNED,live,NOT_PROVEN,NOT_RUN,,,LONG_FORM_AUDIO_COST_AND_QA_RISK,Classic literature positioned through a premium reader-first edition.,"Bengali readers, diaspora families, students, Tagore/Bankim/Sarat fans",2.6996,0.75,5.75
devdas,দেবদাস / Devdas,Sarat Chandra Chattopadhyay,ben,bengali-classics,long,24988,105,PASS,A,reader_ready,NOT_APPROVED_OR_NOT_RUN,DESIGNED_PLACEHOLDER_NO_SAFE_LOCAL_COVER,live,NOT_PROVEN,NOT_RUN,,,LONG_FORM_AUDIO_COST_AND_QA_RISK,Bengali classic with strong cultural recall and reader-first appeal.,"Bengali readers, diaspora families, students, Tagore/Bankim/Sarat fans",2.2489,0.75,5.7
pather-panchali,পথের পাঁচালী / Pather Panchali,Bibhutibhushan Bandyopadhyay,ben,bengali-classics,long,20871,87,PASS,A,reader_ready,NOT_APPROVED_OR_NOT_RUN,DESIGNED_PLACEHOLDER_NO_SAFE_LOCAL_COVER,live,NOT_PROVEN,NOT_RUN,,,LONG_FORM_AUDIO_COST_AND_QA_RISK,Bengali classic with strong cultural recall and reader-first appeal.,"Bengali readers, diaspora families, students, Tagore/Bankim/Sarat fans",1.8784,0.75,5.7
bn-007,নষ্টনীড়,রবীন্দ্রনাথ ঠাকুর,ben,bengali-classics,unknown,,,PASS,manifest,draft,NOT_APPROVED_OR_NOT_RUN,UNKNOWN,draft,NOT_PROVEN,NOT_RUN,,,COVER_REVIEW_OR_RUNTIME_FALLBACK_REQUIRED,Bengali classic with strong cultural recall and reader-first appeal.,"Bengali readers, diaspora families, students, Tagore/Bankim/Sarat fans",0.02,0.25,5.3
bn-010,মাল্যদান,রবীন্দ্রনাথ ঠাকুর,ben,bengali-classics,unknown,,,PASS,manifest,draft,NOT_APPROVED_OR_NOT_RUN,UNKNOWN,draft,NOT_PROVEN,NOT_RUN,,,COVER_REVIEW_OR_RUNTIME_FALLBACK_REQUIRED,Bengali classic with strong cultural recall and reader-first appeal.,"Bengali readers, diaspora families, students, Tagore/Bankim/Sarat fans",0.02,0.25,5.3
bn-051,অনুপমার প্রেম,শরৎচন্দ্র চট্টোপাধ্যায়,ben,Unrequited Love / Devotion,unknown,,,REVIEW_REQUIRED,manifest,draft,NOT_APPROVED_OR_NOT_RUN,UNKNOWN,draft,NOT_PROVEN,NOT_RUN,,,RIGHTS_REVIEW_REQUIRED | COVER_REVIEW_OR_RUNTIME_FALLBACK_REQUIRED,Classic literature positioned through a premium reader-first edition.,"Bengali readers, diaspora families, students, Tagore/Bankim/Sarat fans",0.02,0,4.25
bn-033,অভাগীর স্বর্গ,শরৎচন্দ্র চট্টোপাধ্যায়,ben,Poverty / Mother-Son / Social Injustice,unknown,,,REVIEW_REQUIRED,manifest,draft,NOT_APPROVED_OR_NOT_RUN,UNKNOWN,draft,NOT_PROVEN,NOT_RUN,,,RIGHTS_REVIEW_REQUIRED | COVER_REVIEW_OR_RUNTIME_FALLBACK_REQUIRED,Classic literature positioned through a premium reader-first edition.,"Bengali readers, diaspora families, students, Tagore/Bankim/Sarat fans",0.02,0,4.25
bn-055,অরক্ষণীয়া,শরৎচন্দ্র চট্টোপাধ্যায়,ben,Widowhood / Society / Resilience,unknown,,,REVIEW_REQUIRED,manifest,draft,NOT_APPROVED_OR_NOT_RUN,UNKNOWN,draft,NOT_PROVEN,NOT_RUN,,,RIGHTS_REVIEW_REQUIRED | COVER_REVIEW_OR_RUNTIME_FALLBACK_REQUIRED,Classic literature positioned through a premium reader-first edition.,"Bengali readers, diaspora families, students, Tagore/Bankim/Sarat fans",0.02,0,4.25
bn-050,আলো ও ছায়া,শরৎচন্দ্র চট্টোপাধ্যায়,ben,Duality / Good and Evil / Human Nature,unknown,,,REVIEW_REQUIRED,manifest,draft,NOT_APPROVED_OR_NOT_RUN,UNKNOWN,draft,NOT_PROVEN,NOT_RUN,,,RIGHTS_REVIEW_REQUIRED | COVER_REVIEW_OR_RUNTIME_FALLBACK_REQUIRED,Classic literature positioned through a premium reader-first edition.,"Bengali readers, diaspora families, students, Tagore/Bankim/Sarat fans",0.02,0,4.25
bn-080,ইচ্ছাপূরণ,রবীন্দ্রনাথ ঠাকুর,ben,Fantasy / Wish / Children,unknown,,,REVIEW_REQUIRED,manifest,draft,NOT_APPROVED_OR_NOT_RUN,UNKNOWN,draft,NOT_PROVEN,NOT_RUN,,,RIGHTS_REVIEW_REQUIRED | COVER_REVIEW_OR_RUNTIME_FALLBACK_REQUIRED,Classic literature positioned through a premium reader-first edition.,"Bengali readers, diaspora families, students, Tagore/Bankim/Sarat fans",0.02,0,4.25
bn-039,একাদশী বৈরাগী,শরৎচন্দ্র চট্টোপাধ্যায়,ben,Renunciation / Devotion / Spirituality,unknown,,,REVIEW_REQUIRED,manifest,draft,NOT_APPROVED_OR_NOT_RUN,UNKNOWN,draft,NOT_PROVEN,NOT_RUN,,,RIGHTS_REVIEW_REQUIRED | COVER_REVIEW_OR_RUNTIME_FALLBACK_REQUIRED,Classic literature positioned through a premium reader-first edition.,"Bengali readers, diaspora families, students, Tagore/Bankim/Sarat fans",0.02,0,4.25
bn-070,কপালকুণ্ডলা,বঙ্কিমচন্দ্র চট্টোপাধ্যায়,ben,Gothic Romance / Nature / Tragedy,unknown,,,REVIEW_REQUIRED,manifest,draft,NOT_APPROVED_OR_NOT_RUN,UNKNOWN,draft,NOT_PROVEN,NOT_RUN,,,RIGHTS_REVIEW_REQUIRED | COVER_REVIEW_OR_RUNTIME_FALLBACK_REQUIRED,Classic literature positioned through a premium reader-first edition.,"Bengali readers, diaspora families, students, Tagore/Bankim/Sarat fans",0.02,0,4.25
bn-064,কৃষ্ণকান্তের উইল,বঙ্কিমচন্দ্র চট্টোপাধ্যায়,ben,Tragedy / Passion / Social Drama,unknown,,,REVIEW_REQUIRED,manifest,draft,NOT_APPROVED_OR_NOT_RUN,UNKNOWN,draft,NOT_PROVEN,NOT_RUN,,,RIGHTS_REVIEW_REQUIRED | COVER_REVIEW_OR_RUNTIME_FALLBACK_REQUIRED,Classic literature positioned through a premium reader-first edition.,"Bengali readers, diaspora families, students, Tagore/Bankim/Sarat fans",0.02,0,4.25
bn-082,ঘরে ফেরার দিন,রবীন্দ্রনাথ ঠাকুর,ben,Homecoming / Longing / Belonging,unknown,,,REVIEW_REQUIRED,manifest,draft,NOT_APPROVED_OR_NOT_RUN,UNKNOWN,draft,NOT_PROVEN,NOT_RUN,,,RIGHTS_REVIEW_REQUIRED | COVER_REVIEW_OR_RUNTIME_FALLBACK_REQUIRED,Classic literature positioned through a premium reader-first edition.,"Bengali readers, diaspora families, students, Tagore/Bankim/Sarat fans",0.02,0,4.25
bn-069,চন্দ্রশেখর,বঙ্কিমচন্দ্র চট্টোপাধ্যায়,ben,Historical / Moral Conflict / Tragedy,unknown,,,REVIEW_REQUIRED,manifest,draft,NOT_APPROVED_OR_NOT_RUN,UNKNOWN,draft,NOT_PROVEN,NOT_RUN,,,RIGHTS_REVIEW_REQUIRED | COVER_REVIEW_OR_RUNTIME_FALLBACK_REQUIRED,Classic literature positioned through a premium reader-first edition.,"Bengali readers, diaspora families, students, Tagore/Bankim/Sarat fans",0.02,0,4.25
bn-037,ছেলেধরা,শরৎচন্দ্র চট্টোপাধ্যায়,ben,Social Satire / Fear / Mob Mentality,unknown,,,REVIEW_REQUIRED,manifest,draft,NOT_APPROVED_OR_NOT_RUN,UNKNOWN,draft,NOT_PROVEN,NOT_RUN,,,RIGHTS_REVIEW_REQUIRED | COVER_REVIEW_OR_RUNTIME_FALLBACK_REQUIRED,Classic literature positioned through a premium reader-first edition.,"Bengali readers, diaspora families, students, Tagore/Bankim/Sarat fans",0.02,0,4.25
bn-023,ঠাকুরদা,রবীন্দ্রনাথ ঠাকুর,ben,Intergenerational / Family,unknown,,,REVIEW_REQUIRED,manifest,draft,NOT_APPROVED_OR_NOT_RUN,UNKNOWN,draft,NOT_PROVEN,NOT_RUN,,,RIGHTS_REVIEW_REQUIRED | COVER_REVIEW_OR_RUNTIME_FALLBACK_REQUIRED,Classic literature positioned through a premium reader-first edition.,"Bengali readers, diaspora families, students, Tagore/Bankim/Sarat fans",0.02,0,4.25
bn-071,তোতা কাহিনী,রবীন্দ্রনাথ ঠাকুর,ben,Fable / Education Satire / Dark Comedy,unknown,,,REVIEW_REQUIRED,manifest,draft,NOT_APPROVED_OR_NOT_RUN,UNKNOWN,draft,NOT_PROVEN,NOT_RUN,,,RIGHTS_REVIEW_REQUIRED | COVER_REVIEW_OR_RUNTIME_FALLBACK_REQUIRED,Classic literature positioned through a premium reader-first edition.,"Bengali readers, diaspora families, students, Tagore/Bankim/Sarat fans",0.02,0,4.25
bn-014,দর্পচূর্ণ,রবীন্দ্রনাথ ঠাকুর,ben,Pride / Social Drama,unknown,,,REVIEW_REQUIRED,manifest,draft,NOT_APPROVED_OR_NOT_RUN,UNKNOWN,draft,NOT_PROVEN,NOT_RUN,,,RIGHTS_REVIEW_REQUIRED | COVER_REVIEW_OR_RUNTIME_FALLBACK_REQUIRED,Classic literature positioned through a premium reader-first edition.,"Bengali readers, diaspora families, students, Tagore/Bankim/Sarat fans",0.02,0,4.25
bn-040,দর্পণ,শরৎচন্দ্র চট্টোপাধ্যায়,ben,Self-Reflection / Social Mirror,unknown,,,REVIEW_REQUIRED,manifest,draft,NOT_APPROVED_OR_NOT_RUN,UNKNOWN,draft,NOT_PROVEN,NOT_RUN,,,RIGHTS_REVIEW_REQUIRED | COVER_REVIEW_OR_RUNTIME_FALLBACK_REQUIRED,Classic literature positioned through a premium reader-first edition.,"Bengali readers, diaspora families, students, Tagore/Bankim/Sarat fans",0.02,0,4.25
bn-029,দুরাশা,রবীন্দ্রনাথ ঠাকুর,ben,Unrequited Love / Delusion,unknown,,,REVIEW_REQUIRED,manifest,draft,NOT_APPROVED_OR_NOT_RUN,UNKNOWN,draft,NOT_PROVEN,NOT_RUN,,,RIGHTS_REVIEW_REQUIRED | COVER_REVIEW_OR_RUNTIME_FALLBACK_REQUIRED,Classic literature positioned through a premium reader-first edition.,"Bengali readers, diaspora families, students, Tagore/Bankim/Sarat fans",0.02,0,4.25
bn-058,দেবী চৌধুরাণী,বঙ্কিমচন্দ্র চট্টোপাধ্যায়,ben,Historical / Female Power / Adventure,unknown,,,REVIEW_REQUIRED,manifest,draft,NOT_APPROVED_OR_NOT_RUN,UNKNOWN,draft,NOT_PROVEN,NOT_RUN,,,RIGHTS_REVIEW_REQUIRED | COVER_REVIEW_OR_RUNTIME_FALLBACK_REQUIRED,Classic literature positioned through a premium reader-first edition.,"Bengali readers, diaspora families, students, Tagore/Bankim/Sarat fans",0.02,0,4.25
bn-063,নলিনী,বঙ্কিমচন্দ্র চট্টোপাধ্যায়,ben,Early Romance / Nature / Innocence,unknown,,,REVIEW_REQUIRED,manifest,draft,NOT_APPROVED_OR_NOT_RUN,UNKNOWN,draft,NOT_PROVEN,NOT_RUN,,,RIGHTS_REVIEW_REQUIRED | COVER_REVIEW_OR_RUNTIME_FALLBACK_REQUIRED,Classic literature positioned through a premium reader-first edition.,"Bengali readers, diaspora families, students, Tagore/Bankim/Sarat fans",0.02,0,4.25
bn-044,পথ নির্দেশ,শরৎচন্দ্র চট্টোপাধ্যায়,ben,Guidance / Moral / Journey,unknown,,,REVIEW_REQUIRED,manifest,draft,NOT_APPROVED_OR_NOT_RUN,UNKNOWN,draft,NOT_PROVEN,NOT_RUN,,,RIGHTS_REVIEW_REQUIRED | COVER_REVIEW_OR_RUNTIME_FALLBACK_REQUIRED,Classic literature positioned through a premium reader-first edition.,"Bengali readers, diaspora families, students, Tagore/Bankim/Sarat fans",0.02,0,4.25
bn-049,পরিণীতা,শরৎচন্দ্র চট্টোপাধ্যায়,ben,Romance / Marriage / Misunderstanding,unknown,,,REVIEW_REQUIRED,manifest,draft,NOT_APPROVED_OR_NOT_RUN,UNKNOWN,draft,NOT_PROVEN,NOT_RUN,,,RIGHTS_REVIEW_REQUIRED | COVER_REVIEW_OR_RUNTIME_FALLBACK_REQUIRED,Classic literature positioned through a premium reader-first edition.,"Bengali readers, diaspora families, students, Tagore/Bankim/Sarat fans",0.02,0,4.25
bn-081,পুত্রযজ্ঞ,রবীন্দ্রনাথ ঠাকুর,ben,Sacrifice / Parenthood / Ritual,unknown,,,REVIEW_REQUIRED,manifest,draft,NOT_APPROVED_OR_NOT_RUN,UNKNOWN,draft,NOT_PROVEN,NOT_RUN,,,RIGHTS_REVIEW_REQUIRED | COVER_REVIEW_OR_RUNTIME_FALLBACK_REQUIRED,Classic literature positioned through a premium reader-first edition.,"Bengali readers, diaspora families, students, Tagore/Bankim/Sarat fans",0.02,0,4.25
bn-085,পোষ্টঅফিস,রবীন্দ্রনাথ ঠাকুর,ben,Death / Childhood / Freedom / Drama,unknown,,,REVIEW_REQUIRED,manifest,draft,NOT_APPROVED_OR_NOT_RUN,UNKNOWN,draft,NOT_PROVEN,NOT_RUN,,,RIGHTS_REVIEW_REQUIRED | COVER_REVIEW_OR_RUNTIME_FALLBACK_REQUIRED,Classic literature positioned through a premium reader-first edition.,"Bengali readers, diaspora families, students, Tagore/Bankim/Sarat fans",0.02,0,4.25
bn-079,ফেলু বাবুর দোকান,রবীন্দ্রনাথ ঠাকুর,ben,Commerce / Honesty / Village Life,unknown,,,REVIEW_REQUIRED,manifest,draft,NOT_APPROVED_OR_NOT_RUN,UNKNOWN,draft,NOT_PROVEN,NOT_RUN,,,RIGHTS_REVIEW_REQUIRED | COVER_REVIEW_OR_RUNTIME_FALLBACK_REQUIRED,Classic literature positioned through a premium reader-first edition.,"Bengali readers, diaspora families, students, Tagore/Bankim/Sarat fans",0.02,0,4.25
bn-042,বিন্দুর ছেলে,শরৎচন্দ্র চট্টোপাধ্যায়,ben,Maternal Love / Adoption / Society,unknown,,,REVIEW_REQUIRED,manifest,draft,NOT_APPROVED_OR_NOT_RUN,UNKNOWN,draft,NOT_PROVEN,NOT_RUN,,,RIGHTS_REVIEW_REQUIRED | COVER_REVIEW_OR_RUNTIME_FALLBACK_REQUIRED,Classic literature positioned through a premium reader-first edition.,"Bengali readers, diaspora families, students, Tagore/Bankim/Sarat fans",0.02,0,4.25
bn-054,বিপ্রদাস,শরৎচন্দ্র চট্টোপাধ্যায়,ben,Idealism / Social Reform / Sacrifice,unknown,,,REVIEW_REQUIRED,manifest,draft,NOT_APPROVED_OR_NOT_RUN,UNKNOWN,draft,NOT_PROVEN,NOT_RUN,,,RIGHTS_REVIEW_REQUIRED | COVER_REVIEW_OR_RUNTIME_FALLBACK_REQUIRED,Classic literature positioned through a premium reader-first edition.,"Bengali readers, diaspora families, students, Tagore/Bankim/Sarat fans",0.02,0,4.25
bn-032,বিলাসী,শরৎচন্দ্র চট্টোপাধ্যায়,ben,Love / Caste / Sacrifice,unknown,,,REVIEW_REQUIRED,manifest,draft,NOT_APPROVED_OR_NOT_RUN,UNKNOWN,draft,NOT_PROVEN,NOT_RUN,,,RIGHTS_REVIEW_REQUIRED | COVER_REVIEW_OR_RUNTIME_FALLBACK_REQUIRED,Classic literature positioned through a premium reader-first edition.,"Bengali readers, diaspora families, students, Tagore/Bankim/Sarat fans",0.02,0,4.25
bn-065,বিষবৃক্ষ,বঙ্কিমচন্দ্র চট্টোপাধ্যায়,ben,Tragedy / Forbidden Love / Moral,unknown,,,REVIEW_REQUIRED,manifest,draft,NOT_APPROVED_OR_NOT_RUN,UNKNOWN,draft,NOT_PROVEN,NOT_RUN,,,RIGHTS_REVIEW_REQUIRED | COVER_REVIEW_OR_RUNTIME_FALLBACK_REQUIRED,Classic literature positioned through a premium reader-first edition.,"Bengali readers, diaspora families, students, Tagore/Bankim/Sarat fans",0.02,0,4.25
bn-053,বৈকুণ্ঠের উইল,শরৎচন্দ্র চট্টোপাধ্যায়,ben,Family Conflict / Inheritance / Irony,unknown,,,REVIEW_REQUIRED,manifest,draft,NOT_APPROVED_OR_NOT_RUN,UNKNOWN,draft,NOT_PROVEN,NOT_RUN,,,RIGHTS_REVIEW_REQUIRED | COVER_REVIEW_OR_RUNTIME_FALLBACK_REQUIRED,Classic literature positioned through a premium reader-first edition.,"Bengali readers, diaspora families, students, Tagore/Bankim/Sarat fans",0.02,0,4.25
bn-076,ভিখারিণী,রবীন্দ্রনাথ ঠাকুর,ben,Poverty / Compassion / Early Tagore,unknown,,,REVIEW_REQUIRED,manifest,draft,NOT_APPROVED_OR_NOT_RUN,UNKNOWN,draft,NOT_PROVEN,NOT_RUN,,,RIGHTS_REVIEW_REQUIRED | COVER_REVIEW_OR_RUNTIME_FALLBACK_REQUIRED,Classic literature positioned through a premium reader-first edition.,"Bengali readers, diaspora families, students, Tagore/Bankim/Sarat fans",0.02,0,4.25
bn-048,মমতাদি,শরৎচন্দ্র চট্টোপাধ্যায়,ben,Class / Dignity / Human Connection,unknown,,,REVIEW_REQUIRED,manifest,draft,NOT_APPROVED_OR_NOT_RUN,UNKNOWN,draft,NOT_PROVEN,NOT_RUN,,,RIGHTS_REVIEW_REQUIRED | COVER_REVIEW_OR_RUNTIME_FALLBACK_REQUIRED,Classic literature positioned through a premium reader-first edition.,"Bengali readers, diaspora families, students, Tagore/Bankim/Sarat fans",0.02,0,4.25
bn-075,মাস্টারমশাই,রবীন্দ্রনাথ ঠাকুর,ben,Education / Devotion / Teacher-Student,unknown,,,REVIEW_REQUIRED,manifest,draft,NOT_APPROVED_OR_NOT_RUN,UNKNOWN,draft,NOT_PROVEN,NOT_RUN,,,RIGHTS_REVIEW_REQUIRED | COVER_REVIEW_OR_RUNTIME_FALLBACK_REQUIRED,Classic literature positioned through a premium reader-first edition.,"Bengali readers, diaspora families, students, Tagore/Bankim/Sarat fans",0.02,0,4.25
bn-078,মেঘ,রবীন্দ্রনাথ ঠাকুর,ben,Nature / Longing / Lyrical,unknown,,,REVIEW_REQUIRED,manifest,draft,NOT_APPROVED_OR_NOT_RUN,UNKNOWN,draft,NOT_PROVEN,NOT_RUN,,,RIGHTS_REVIEW_REQUIRED | COVER_REVIEW_OR_RUNTIME_FALLBACK_REQUIRED,Classic literature positioned through a premium reader-first edition.,"Bengali readers, diaspora families, students, Tagore/Bankim/Sarat fans",0.02,0,4.25
bn-061,যোগিনী,বঙ্কিমচন্দ্র চট্টোপাধ্যায়,ben,Mysticism / Female Power / Renunciation,unknown,,,REVIEW_REQUIRED,manifest,draft,NOT_APPROVED_OR_NOT_RUN,UNKNOWN,draft,NOT_PROVEN,NOT_RUN,,,RIGHTS_REVIEW_REQUIRED | COVER_REVIEW_OR_RUNTIME_FALLBACK_REQUIRED,Classic literature positioned through a premium reader-first edition.,"Bengali readers, diaspora families, students, Tagore/Bankim/Sarat fans",0.02,0,4.25
bn-072,রাজা ও রানী,রবীন্দ্রনাথ ঠাকুর,ben,Power / Marriage / Self-Assertion,unknown,,,REVIEW_REQUIRED,manifest,draft,NOT_APPROVED_OR_NOT_RUN,UNKNOWN,draft,NOT_PROVEN,NOT_RUN,,,RIGHTS_REVIEW_REQUIRED | COVER_REVIEW_OR_RUNTIME_FALLBACK_REQUIRED,Classic literature positioned through a premium reader-first edition.,"Bengali readers, diaspora families, students, Tagore/Bankim/Sarat fans",0.02,0,4.25
bn-043,রামের সুমতি,শরৎচন্দ্র চট্টোপাধ্যায়,ben,Moral Awakening / Family / Humour,unknown,,,REVIEW_REQUIRED,manifest,draft,NOT_APPROVED_OR_NOT_RUN,UNKNOWN,draft,NOT_PROVEN,NOT_RUN,,,RIGHTS_REVIEW_REQUIRED | COVER_REVIEW_OR_RUNTIME_FALLBACK_REQUIRED,Classic literature positioned through a premium reader-first edition.,"Bengali readers, diaspora families, students, Tagore/Bankim/Sarat fans",0.02,0,4.25
bn-034,লালু,শরৎচন্দ্র চট্টোপাধ্যায়,ben,Childhood / Innocence / Social,unknown,,,REVIEW_REQUIRED,manifest,draft,NOT_APPROVED_OR_NOT_RUN,UNKNOWN,draft,NOT_PROVEN,NOT_RUN,,,RIGHTS_REVIEW_REQUIRED | COVER_REVIEW_OR_RUNTIME_FALLBACK_REQUIRED,Classic literature positioned through a premium reader-first edition.,"Bengali readers, diaspora families, students, Tagore/Bankim/Sarat fans",0.02,0,4.25
bn-052,শুভদা,শরৎচন্দ্র চট্টোপাধ্যায়,ben,Goodness / Village Life / Moral,unknown,,,REVIEW_REQUIRED,manifest,draft,NOT_APPROVED_OR_NOT_RUN,UNKNOWN,draft,NOT_PROVEN,NOT_RUN,,,RIGHTS_REVIEW_REQUIRED | COVER_REVIEW_OR_RUNTIME_FALLBACK_REQUIRED,Classic literature positioned through a premium reader-first edition.,"Bengali readers, diaspora families, students, Tagore/Bankim/Sarat fans",0.02,0,4.25
bn-047,সতী,শরৎচন্দ্র চট্টোপাধ্যায়,ben,Virtue / Tragedy / Womanhood,unknown,,,REVIEW_REQUIRED,manifest,draft,NOT_APPROVED_OR_NOT_RUN,UNKNOWN,draft,NOT_PROVEN,NOT_RUN,,,RIGHTS_REVIEW_REQUIRED | COVER_REVIEW_OR_RUNTIME_FALLBACK_REQUIRED,Classic literature positioned through a premium reader-first edition.,"Bengali readers, diaspora families, students, Tagore/Bankim/Sarat fans",0.02,0,4.25
bn-046,স্বামী,শরৎচন্দ্র চট্টোপাধ্যায়,ben,Marriage / Duty / Emotion,unknown,,,REVIEW_REQUIRED,manifest,draft,NOT_APPROVED_OR_NOT_RUN,UNKNOWN,draft,NOT_PROVEN,NOT_RUN,,,RIGHTS_REVIEW_REQUIRED | COVER_REVIEW_OR_RUNTIME_FALLBACK_REQUIRED,Classic literature positioned through a premium reader-first edition.,"Bengali readers, diaspora families, students, Tagore/Bankim/Sarat fans",0.02,0,4.25
bn-038,হরিলক্ষ্মী,শরৎচন্দ্র চট্টোপাধ্যায়,ben,Devotion / Marriage / Village Life,unknown,,,REVIEW_REQUIRED,manifest,draft,NOT_APPROVED_OR_NOT_RUN,UNKNOWN,draft,NOT_PROVEN,NOT_RUN,,,RIGHTS_REVIEW_REQUIRED | COVER_REVIEW_OR_RUNTIME_FALLBACK_REQUIRED,Classic literature positioned through a premium reader-first edition.,"Bengali readers, diaspora families, students, Tagore/Bankim/Sarat fans",0.02,0,4.25
bn-090,অনুবর্তন,বিভূতিভূষণ বন্দ্যোপাধ্যায়,ben,Continuity / Nature / Cycle of Life,unknown,,,REVIEW_REQUIRED,manifest,draft,NOT_APPROVED_OR_NOT_RUN,UNKNOWN,draft,NOT_PROVEN,NOT_RUN,,,RIGHTS_REVIEW_REQUIRED | COVER_REVIEW_OR_RUNTIME_FALLBACK_REQUIRED,Classic literature positioned through a premium reader-first edition.,"Bengali readers, diaspora families, students, Tagore/Bankim/Sarat fans",0.02,0,3.78
bn-098,অশনি সংকেত (অংশ),বিভূতিভূষণ বন্দ্যোপাধ্যায়,ben,Famine / Human Dignity / Historical,unknown,,,REVIEW_REQUIRED,manifest,draft,NOT_APPROVED_OR_NOT_RUN,UNKNOWN,draft,NOT_PROVEN,NOT_RUN,,,RIGHTS_REVIEW_REQUIRED | COVER_REVIEW_OR_RUNTIME_FALLBACK_REQUIRED,Classic literature positioned through a premium reader-first edition.,"Bengali readers, diaspora families, students, Tagore/Bankim/Sarat fans",0.02,0,3.78
bn-093,আহ্বান,বিভূতিভূষণ বন্দ্যোপাধ্যায়,ben,Calling / Adventure / Self-Discovery,unknown,,,REVIEW_REQUIRED,manifest,draft,NOT_APPROVED_OR_NOT_RUN,UNKNOWN,draft,NOT_PROVEN,NOT_RUN,,,RIGHTS_REVIEW_REQUIRED | COVER_REVIEW_OR_RUNTIME_FALLBACK_REQUIRED,Classic literature positioned through a premium reader-first edition.,"Bengali readers, diaspora families, students, Tagore/Bankim/Sarat fans",0.02,0,3.78
bn-099,ইছামতী (অংশ),বিভূতিভূষণ বন্দ্যোপাধ্যায়,ben,River / History / Village / Colonial Era,unknown,,,REVIEW_REQUIRED,manifest,draft,NOT_APPROVED_OR_NOT_RUN,UNKNOWN,draft,NOT_PROVEN,NOT_RUN,,,RIGHTS_REVIEW_REQUIRED | COVER_REVIEW_OR_RUNTIME_FALLBACK_REQUIRED,Classic literature positioned through a premium reader-first edition.,"Bengali readers, diaspora families, students, Tagore/Bankim/Sarat fans",0.02,0,3.78
bn-091,কিন্নরদল,বিভূতিভূষণ বন্দ্যোপাধ্যায়,ben,Fantasy / Celestial / Wonder,unknown,,,REVIEW_REQUIRED,manifest,draft,NOT_APPROVED_OR_NOT_RUN,UNKNOWN,draft,NOT_PROVEN,NOT_RUN,,,RIGHTS_REVIEW_REQUIRED | COVER_REVIEW_OR_RUNTIME_FALLBACK_REQUIRED,Classic literature positioned through a premium reader-first edition.,"Bengali readers, diaspora families, students, Tagore/Bankim/Sarat fans",0.02,0,3.78
bn-094,চাঁদের পাহাড় (অংশ),বিভূতিভূষণ বন্দ্যোপাধ্যায়,ben,Adventure / Africa / Treasure Hunt,unknown,,,REVIEW_REQUIRED,manifest,draft,NOT_APPROVED_OR_NOT_RUN,UNKNOWN,draft,NOT_PROVEN,NOT_RUN,,,RIGHTS_REVIEW_REQUIRED | COVER_REVIEW_OR_RUNTIME_FALLBACK_REQUIRED,Classic literature positioned through a premium reader-first edition.,"Bengali readers, diaspora families, students, Tagore/Bankim/Sarat fans",0.02,0,3.78
bn-089,তালনবমী,বিভূতিভূষণ বন্দ্যোপাধ্যায়,ben,Festival / Village / Memory,unknown,,,REVIEW_REQUIRED,manifest,draft,NOT_APPROVED_OR_NOT_RUN,UNKNOWN,draft,NOT_PROVEN,NOT_RUN,,,RIGHTS_REVIEW_REQUIRED | COVER_REVIEW_OR_RUNTIME_FALLBACK_REQUIRED,Classic literature positioned through a premium reader-first edition.,"Bengali readers, diaspora families, students, Tagore/Bankim/Sarat fans",0.02,0,3.78
bn-095,নিশিপদ্ম,বিভূতিভূষণ বন্দ্যোপাধ্যায়,ben,Nature / Night / Beauty / Lyrical,unknown,,,REVIEW_REQUIRED,manifest,draft,NOT_APPROVED_OR_NOT_RUN,UNKNOWN,draft,NOT_PROVEN,NOT_RUN,,,RIGHTS_REVIEW_REQUIRED | COVER_REVIEW_OR_RUNTIME_FALLBACK_REQUIRED,Classic literature positioned through a premium reader-first edition.,"Bengali readers, diaspora families, students, Tagore/Bankim/Sarat fans",0.02,0,3.78
bn-086,পথের পাঁচালী (অংশ),বিভূতিভূষণ বন্দ্যোপাধ্যায়,ben,Rural Life / Childhood / Nature / Coming of Age,unknown,,,REVIEW_REQUIRED,manifest,draft,NOT_APPROVED_OR_NOT_RUN,UNKNOWN,draft,NOT_PROVEN,NOT_RUN,,,RIGHTS_REVIEW_REQUIRED | COVER_REVIEW_OR_RUNTIME_FALLBACK_REQUIRED,Classic literature positioned through a premium reader-first edition.,"Bengali readers, diaspora families, students, Tagore/Bankim/Sarat fans",0.02,0,3.78
bn-087,পুঁইমাচা,বিভূতিভূষণ বন্দ্যোপাধ্যায়,ben,Rural Life / Women / Nature,unknown,,,REVIEW_REQUIRED,manifest,draft,NOT_APPROVED_OR_NOT_RUN,UNKNOWN,draft,NOT_PROVEN,NOT_RUN,,,RIGHTS_REVIEW_REQUIRED | COVER_REVIEW_OR_RUNTIME_FALLBACK_REQUIRED,Classic literature positioned through a premium reader-first edition.,"Bengali readers, diaspora families, students, Tagore/Bankim/Sarat fans",0.02,0,3.78
bn-092,বনের খাতা,বিভূতিভূষণ বন্দ্যোপাধ্যায়,ben,Nature Writing / Solitude / Forest,unknown,,,REVIEW_REQUIRED,manifest,draft,NOT_APPROVED_OR_NOT_RUN,UNKNOWN,draft,NOT_PROVEN,NOT_RUN,,,RIGHTS_REVIEW_REQUIRED | COVER_REVIEW_OR_RUNTIME_FALLBACK_REQUIRED,Classic literature positioned through a premium reader-first edition.,"Bengali readers, diaspora families, students, Tagore/Bankim/Sarat fans",0.02,0,3.78
bn-097,মরণের ডঙ্কা বাজে,বিভূতিভূষণ বন্দ্যোপাধ্যায়,ben,Death / Acceptance / Philosophy,unknown,,,REVIEW_REQUIRED,manifest,draft,NOT_APPROVED_OR_NOT_RUN,UNKNOWN,draft,NOT_PROVEN,NOT_RUN,,,RIGHTS_REVIEW_REQUIRED | COVER_REVIEW_OR_RUNTIME_FALLBACK_REQUIRED,Classic literature positioned through a premium reader-first edition.,"Bengali readers, diaspora families, students, Tagore/Bankim/Sarat fans",0.02,0,3.78
bn-088,মেঘমল্লার,বিভূতিভূষণ বন্দ্যোপাধ্যায়,ben,Nature / Music / Mysticism,unknown,,,REVIEW_REQUIRED,manifest,draft,NOT_APPROVED_OR_NOT_RUN,UNKNOWN,draft,NOT_PROVEN,NOT_RUN,,,RIGHTS_REVIEW_REQUIRED | COVER_REVIEW_OR_RUNTIME_FALLBACK_REQUIRED,Classic literature positioned through a premium reader-first edition.,"Bengali readers, diaspora families, students, Tagore/Bankim/Sarat fans",0.02,0,3.78
bn-096,যাত্রাবদল,বিভূতিভূষণ বন্দ্যোপাধ্যায়,ben,Journey / Change / Life Transition,unknown,,,REVIEW_REQUIRED,manifest,draft,NOT_APPROVED_OR_NOT_RUN,UNKNOWN,draft,NOT_PROVEN,NOT_RUN,,,RIGHTS_REVIEW_REQUIRED | COVER_REVIEW_OR_RUNTIME_FALLBACK_REQUIRED,Classic literature positioned through a premium reader-first edition.,"Bengali readers, diaspora families, students, Tagore/Bankim/Sarat fans",0.02,0,3.78
bn-100,স্মৃতির রেখা,বিভূতিভূষণ বন্দ্যোপাধ্যায়,ben,Memory / Nostalgia / Travel Journal,unknown,,,REVIEW_REQUIRED,manifest,draft,NOT_APPROVED_OR_NOT_RUN,UNKNOWN,draft,NOT_PROVEN,NOT_RUN,,,RIGHTS_REVIEW_REQUIRED | COVER_REVIEW_OR_RUNTIME_FALLBACK_REQUIRED,Classic literature positioned through a premium reader-first edition.,"Bengali readers, diaspora families, students, Tagore/Bankim/Sarat fans",0.02,0,3.78
a-ghost-story,A Ghost Story,Mark Twain,eng,gothic-fiction,short,2450,10,PASS,A,reader_ready,AUDIOBOOK_LIVE,CLOUDINARY_ASSIGNED,live,APPROVED_EXISTING_AUDIOBOOK_EVIDENCE,APPROVED_EXISTING_RELEASE_EVIDENCE,release_gate_approved_existing,project_verified_existing,,Approved comic ghost audiobook: Mark Twain turns haunting into absurdity.,"Gothic classics readers, literature students, horror-adjacent BookTok/Shorts viewers",0.294,0.98,9.43
dsires-baby,Désirée's Baby,Kate Chopin,eng,literary-fiction,short,2178,9,PASS,A,reader_ready,NOT_APPROVED_OR_NOT_RUN,CLOUDINARY_ASSIGNED,live,NOT_PROVEN,NOT_RUN,,,,Compact human drama suited to quote cards and audio teasers.,"Classic short-story readers, students, quote-card audiences, premium reader prospects",0.2614,0.9,8.53
sredni-vashtar,Sredni Vashtar,Saki,eng,gothic-fiction,short,1787,8,PASS,A,reader_ready,NOT_APPROVED_OR_NOT_RUN,CLOUDINARY_ASSIGNED,live,NOT_PROVEN,NOT_RUN,,,,Gothic atmosphere and suspense for short-form literary discovery.,"Gothic classics readers, literature students, horror-adjacent BookTok/Shorts viewers",0.2144,0.9,8.53
the-celebrated-jumping-frog-of-calaveras-county,The Celebrated Jumping Frog of Calaveras County,Mark Twain,eng,literary-fiction,short,2713,11,PASS,A,reader_ready,NOT_APPROVED_OR_NOT_RUN,DESIGNED_PLACEHOLDER_NO_SAFE_LOCAL_COVER,live,NOT_PROVEN,NOT_RUN,,,,Compact human drama suited to quote cards and audio teasers.,"Classic short-story readers, students, quote-card audiences, premium reader prospects",0.3256,0.9,8.53
the-cop-and-the-anthem,The Cop and the Anthem,O. Henry,eng,literary-fiction,short,2306,10,PASS,A,reader_ready,NOT_APPROVED_OR_NOT_RUN,CLOUDINARY_ASSIGNED,live,NOT_PROVEN,NOT_RUN,,,,Compact human drama suited to quote cards and audio teasers.,"Classic short-story readers, students, quote-card audiences, premium reader prospects",0.2767,0.9,8.53
the-furnished-room,The Furnished Room,O. Henry,eng,gothic-fiction,short,2490,10,PASS,A,reader_ready,NOT_APPROVED_OR_NOT_RUN,DESIGNED_PLACEHOLDER_NO_SAFE_LOCAL_COVER,live,NOT_PROVEN,NOT_RUN,,,,Gothic atmosphere and suspense for short-form literary discovery.,"Gothic classics readers, literature students, horror-adjacent BookTok/Shorts viewers",0.2988,0.9,8.53
the-gift-of-the-magi,The Gift of the Magi,O. Henry,eng,literary-fiction,short,2109,9,PASS,A,reader_ready,NOT_APPROVED_OR_NOT_RUN,CLOUDINARY_ASSIGNED,live,NOT_PROVEN,NOT_RUN,,,,Compact human drama suited to quote cards and audio teasers.,"Classic short-story readers, students, quote-card audiences, premium reader prospects",0.2531,0.9,8.53
the-imp-of-the-perverse,The Imp of the Perverse,Edgar Allan Poe,eng,literary-fiction,short,2430,10,PASS,A,reader_ready,NOT_APPROVED_OR_NOT_RUN,DESIGNED_PLACEHOLDER_NO_SAFE_LOCAL_COVER,live,NOT_PROVEN,NOT_RUN,,,,Compact human drama suited to quote cards and audio teasers.,"Classic short-story readers, students, quote-card audiences, premium reader prospects",0.2916,0.9,8.53
the-last-leaf,The Last Leaf,O. Henry,eng,literary-fiction,short,2402,10,PASS,A,reader_ready,NOT_APPROVED_OR_NOT_RUN,DESIGNED_PLACEHOLDER_NO_SAFE_LOCAL_COVER,live,NOT_PROVEN,NOT_RUN,,,,Compact human drama suited to quote cards and audio teasers.,"Classic short-story readers, students, quote-card audiences, premium reader prospects",0.2882,0.9,8.53
the-masque-of-the-red-death,The Masque of the Red Death,Edgar Allan Poe,eng,gothic-fiction,short,2421,10,PASS,A,reader_ready,NOT_APPROVED_OR_NOT_RUN,DESIGNED_PLACEHOLDER_NO_SAFE_LOCAL_COVER,live,NOT_PROVEN,NOT_RUN,,,,Gothic atmosphere and suspense for short-form literary discovery.,"Gothic classics readers, literature students, horror-adjacent BookTok/Shorts viewers",0.2905,0.9,8.53
the-open-window,The Open Window,Saki,eng,literary-fiction,short,1219,5,PASS,A,reader_ready,NOT_APPROVED_OR_NOT_RUN,CLOUDINARY_ASSIGNED,live,NOT_PROVEN,NOT_RUN,,,,Compact human drama suited to quote cards and audio teasers.,"Classic short-story readers, students, quote-card audiences, premium reader prospects",0.1463,0.9,8.53
the-selfish-giant,The Selfish Giant,Oscar Wilde,eng,young-readers,short,1678,7,PASS,A,reader_ready,NOT_APPROVED_OR_NOT_RUN,CLOUDINARY_ASSIGNED,live,NOT_PROVEN,NOT_RUN,,,,Accessible emotional classic with student/family appeal.,"Classic short-story readers, students, quote-card audiences, premium reader prospects",0.2014,0.9,8.53
the-tell-tale-heart,The Tell-Tale Heart,Edgar Allan Poe,eng,gothic-fiction,short,2155,9,PASS,A,reader_ready,NOT_APPROVED_OR_NOT_RUN,CLOUDINARY_ASSIGNED,live,NOT_PROVEN,NOT_RUN,,,,Gothic atmosphere and suspense for short-form literary discovery.,"Gothic classics readers, literature students, horror-adjacent BookTok/Shorts viewers",0.2586,0.9,8.53
a-retrieved-reformation,A Retrieved Reformation,O. Henry,eng,adventure,short,2821,12,PASS,A,reader_ready,NOT_APPROVED_OR_NOT_RUN,DESIGNED_PLACEHOLDER_NO_SAFE_LOCAL_COVER,live,NOT_PROVEN,NOT_RUN,,,,Classic literature positioned through a premium reader-first edition.,"Classic short-story readers, students, quote-card audiences, premium reader prospects",0.3385,0.9,8.1
tobermory,Tobermory,Saki,eng,adventure,short,2723,11,PASS,A,reader_ready,NOT_APPROVED_OR_NOT_RUN,DESIGNED_PLACEHOLDER_NO_SAFE_LOCAL_COVER,live,NOT_PROVEN,NOT_RUN,,,,Classic literature positioned through a premium reader-first edition.,"Classic short-story readers, students, quote-card audiences, premium reader prospects",0.3268,0.9,8.1
a-horseman-in-the-sky,A Horseman in the Sky,Ambrose Bierce,eng,history-strategy,short,2574,11,PASS,A,reader_ready,NOT_APPROVED_OR_NOT_RUN,DESIGNED_PLACEHOLDER_NO_SAFE_LOCAL_COVER,live,NOT_PROVEN,NOT_RUN,,,,"Land, power, and memory with strong Bengali cultural resonance.","Classic short-story readers, students, quote-card audiences, premium reader prospects",0.3089,0.9,8.05
rikki-tikki-tavi,Rikki-Tikki-Tavi,Rudyard Kipling,eng,literary-fiction,short,2909,12,PASS,A,reader_ready,NOT_APPROVED_OR_NOT_RUN,DESIGNED_PLACEHOLDER_NO_SAFE_LOCAL_COVER,live,NOT_PROVEN,NOT_RUN,,,,Compact human drama suited to quote cards and audio teasers.,"Classic short-story readers, students, quote-card audiences, premium reader prospects",0.3491,0.9,8.05
the-bet,The Bet,Anton Chekhov,eng,literary-fiction,short,2720,11,PASS,A,reader_ready,NOT_APPROVED_OR_NOT_RUN,DESIGNED_PLACEHOLDER_NO_SAFE_LOCAL_COVER,live,NOT_PROVEN,NOT_RUN,,,,Compact human drama suited to quote cards and audio teasers.,"Classic short-story readers, students, quote-card audiences, premium reader prospects",0.3264,0.9,8.05
the-necklace,The Necklace,Guy de Maupassant,eng,literary-fiction,short,2847,12,PASS,A,reader_ready,NOT_APPROVED_OR_NOT_RUN,DESIGNED_PLACEHOLDER_NO_SAFE_LOCAL_COVER,live,NOT_PROVEN,NOT_RUN,,,,Compact human drama suited to quote cards and audio teasers.,"Classic short-story readers, students, quote-card audiences, premium reader prospects",0.3416,0.9,8.05
the-student,The Student,Anton Chekhov,eng,literary-fiction,short,1498,6,PASS,A,reader_ready,NOT_APPROVED_OR_NOT_RUN,CLOUDINARY_ASSIGNED,live,NOT_PROVEN,NOT_RUN,,,,Compact human drama suited to quote cards and audio teasers.,"Classic short-story readers, students, quote-card audiences, premium reader prospects",0.1798,0.9,8.05
a-scandal-in-bohemia,A Scandal in Bohemia,Arthur Conan Doyle,eng,gothic-fiction,medium,8580,36,PASS,A,reader_ready,NOT_APPROVED_OR_NOT_RUN,DESIGNED_PLACEHOLDER_NO_SAFE_LOCAL_COVER,live,NOT_PROVEN,NOT_RUN,,,,Gothic atmosphere and suspense for short-form literary discovery.,"Gothic classics readers, literature students, horror-adjacent BookTok/Shorts viewers",1.0296,0.83,7.08
berenice,Berenice,Edgar Allan Poe,eng,gothic-fiction,medium,3211,13,PASS,A,reader_ready,NOT_APPROVED_OR_NOT_RUN,DESIGNED_PLACEHOLDER_NO_SAFE_LOCAL_COVER,live,NOT_PROVEN,NOT_RUN,,,,Gothic atmosphere and suspense for short-form literary discovery.,"Gothic classics readers, literature students, horror-adjacent BookTok/Shorts viewers",0.3853,0.83,7.08
markheim,Markheim,Robert Louis Stevenson,eng,gothic-fiction,medium,6745,28,PASS,A,reader_ready,NOT_APPROVED_OR_NOT_RUN,DESIGNED_PLACEHOLDER_NO_SAFE_LOCAL_COVER,live,NOT_PROVEN,NOT_RUN,,,,Gothic atmosphere and suspense for short-form literary discovery.,"Gothic classics readers, literature students, horror-adjacent BookTok/Shorts viewers",0.8094,0.83,7.08
the-adventure-of-the-copper-beeches,The Adventure of the Copper Beeches,Arthur Conan Doyle,eng,gothic-fiction,medium,10007,42,PASS,A,reader_ready,NOT_APPROVED_OR_NOT_RUN,DESIGNED_PLACEHOLDER_NO_SAFE_LOCAL_COVER,live,NOT_PROVEN,NOT_RUN,,,,Gothic atmosphere and suspense for short-form literary discovery.,"Gothic classics readers, literature students, horror-adjacent BookTok/Shorts viewers",1.2008,0.83,7.08
the-adventure-of-the-engineers-thumb,The Adventure of the Engineer's Thumb,Arthur Conan Doyle,eng,gothic-fiction,medium,8328,35,PASS,A,reader_ready,NOT_APPROVED_OR_NOT_RUN,DESIGNED_PLACEHOLDER_NO_SAFE_LOCAL_COVER,live,NOT_PROVEN,NOT_RUN,,,,Gothic atmosphere and suspense for short-form literary discovery.,"Gothic classics readers, literature students, horror-adjacent BookTok/Shorts viewers",0.9994,0.83,7.08
the-adventure-of-the-solitary-cyclist,The Adventure of the Solitary Cyclist,Arthur Conan Doyle,eng,gothic-fiction,medium,7904,33,PASS,A,reader_ready,NOT_APPROVED_OR_NOT_RUN,DESIGNED_PLACEHOLDER_NO_SAFE_LOCAL_COVER,live,NOT_PROVEN,NOT_RUN,,,,Gothic atmosphere and suspense for short-form literary discovery.,"Gothic classics readers, literature students, horror-adjacent BookTok/Shorts viewers",0.9485,0.83,7.08
the-canterville-ghost,The Canterville Ghost,Oscar Wilde,eng,gothic-fiction,medium,11282,48,PASS,A,reader_ready,NOT_APPROVED_OR_NOT_RUN,DESIGNED_PLACEHOLDER_NO_SAFE_LOCAL_COVER,live,NOT_PROVEN,NOT_RUN,,,,Gothic atmosphere and suspense for short-form literary discovery.,"Gothic classics readers, literature students, horror-adjacent BookTok/Shorts viewers",1.3538,0.83,7.08
the-fall-of-the-house-of-usher,The Fall of the House of Usher,Edgar Allan Poe,eng,gothic-fiction,medium,7182,30,PASS,A,reader_ready,NOT_APPROVED_OR_NOT_RUN,DESIGNED_PLACEHOLDER_NO_SAFE_LOCAL_COVER,live,NOT_PROVEN,NOT_RUN,,,,Gothic atmosphere and suspense for short-form literary discovery.,"Gothic classics readers, literature students, horror-adjacent BookTok/Shorts viewers",0.8618,0.83,7.08
the-five-orange-pips,The Five Orange Pips,Arthur Conan Doyle,eng,literary-fiction,medium,7342,31,PASS,A,reader_ready,NOT_APPROVED_OR_NOT_RUN,DESIGNED_PLACEHOLDER_NO_SAFE_LOCAL_COVER,live,NOT_PROVEN,NOT_RUN,,,,Compact human drama suited to quote cards and audio teasers.,"Classic short-story readers, students, quote-card audiences, premium reader prospects",0.881,0.83,7.08
the-happy-prince,The Happy Prince,Oscar Wilde,eng,young-readers,medium,5864,25,PASS,A,reader_ready,NOT_APPROVED_OR_NOT_RUN,DESIGNED_PLACEHOLDER_NO_SAFE_LOCAL_COVER,live,NOT_PROVEN,NOT_RUN,,,,Accessible emotional classic with student/family appeal.,"Classic short-story readers, students, quote-card audiences, premium reader prospects",0.7037,0.83,7.08
the-man-with-the-twisted-lip,The Man with the Twisted Lip,Arthur Conan Doyle,eng,literary-fiction,medium,9268,39,PASS,A,reader_ready,NOT_APPROVED_OR_NOT_RUN,DESIGNED_PLACEHOLDER_NO_SAFE_LOCAL_COVER,live,NOT_PROVEN,NOT_RUN,,,,Compact human drama suited to quote cards and audio teasers.,"Classic short-story readers, students, quote-card audiences, premium reader prospects",1.1122,0.83,7.08
the-pit-and-the-pendulum,The Pit and the Pendulum,Edgar Allan Poe,eng,gothic-fiction,medium,6150,26,PASS,A,reader_ready,NOT_APPROVED_OR_NOT_RUN,DESIGNED_PLACEHOLDER_NO_SAFE_LOCAL_COVER,live,NOT_PROVEN,NOT_RUN,,,,Gothic atmosphere and suspense for short-form literary discovery.,"Gothic classics readers, literature students, horror-adjacent BookTok/Shorts viewers",0.738,0.83,7.08
the-purloined-letter,The Purloined Letter,Edgar Allan Poe,eng,literary-fiction,medium,7062,30,PASS,A,reader_ready,NOT_APPROVED_OR_NOT_RUN,DESIGNED_PLACEHOLDER_NO_SAFE_LOCAL_COVER,live,NOT_PROVEN,NOT_RUN,,,,Compact human drama suited to quote cards and audio teasers.,"Classic short-story readers, students, quote-card audiences, premium reader prospects",0.8474,0.83,7.08
the-ransom-of-red-chief,The Ransom of Red Chief,O. Henry,eng,literary-fiction,medium,4262,18,PASS,A,reader_ready,NOT_APPROVED_OR_NOT_RUN,DESIGNED_PLACEHOLDER_NO_SAFE_LOCAL_COVER,live,NOT_PROVEN,NOT_RUN,,,,Compact human drama suited to quote cards and audio teasers.,"Classic short-story readers, students, quote-card audiences, premium reader prospects",0.5114,0.83,7.08
the-red-headed-league,The Red-Headed League,Arthur Conan Doyle,eng,literary-fiction,medium,9178,39,PASS,A,reader_ready,NOT_APPROVED_OR_NOT_RUN,DESIGNED_PLACEHOLDER_NO_SAFE_LOCAL_COVER,live,NOT_PROVEN,NOT_RUN,,,,Compact human drama suited to quote cards and audio teasers.,"Classic short-story readers, students, quote-card audiences, premium reader prospects",1.1014,0.83,7.08
the-speckled-band,The Speckled Band,Arthur Conan Doyle,eng,literary-fiction,medium,9867,41,PASS,A,reader_ready,NOT_APPROVED_OR_NOT_RUN,DESIGNED_PLACEHOLDER_NO_SAFE_LOCAL_COVER,live,NOT_PROVEN,NOT_RUN,,,,Compact human drama suited to quote cards and audio teasers.,"Classic short-story readers, students, quote-card audiences, premium reader prospects",1.184,0.83,7.08
the-stolen-white-elephant,The Stolen White Elephant,Mark Twain,eng,literary-fiction,medium,6821,29,PASS,A,reader_ready,NOT_APPROVED_OR_NOT_RUN,DESIGNED_PLACEHOLDER_NO_SAFE_LOCAL_COVER,live,NOT_PROVEN,NOT_RUN,,,,Compact human drama suited to quote cards and audio teasers.,"Classic short-story readers, students, quote-card audiences, premium reader prospects",0.8185,0.83,7.08
hungry-stones,Kshudhita Pashan / The Hungry Stones,Rabindranath Tagore,eng,classic-literature,medium,4793,20,PASS,A,reader_ready,NOT_APPROVED_OR_NOT_RUN,DESIGNED_PLACEHOLDER_NO_SAFE_LOCAL_COVER,live,NOT_PROVEN,NOT_RUN,,,,Classic literature positioned through a premium reader-first edition.,"Classic short-story readers, students, quote-card audiences, premium reader prospects",0.5752,0.83,6.65
the-adventure-of-charles-augustus-milverton,The Adventure of Charles Augustus Milverton,Arthur Conan Doyle,eng,adventure,medium,6618,28,PASS,A,reader_ready,NOT_APPROVED_OR_NOT_RUN,DESIGNED_PLACEHOLDER_NO_SAFE_LOCAL_COVER,live,NOT_PROVEN,NOT_RUN,,,,Classic literature positioned through a premium reader-first edition.,"Classic short-story readers, students, quote-card audiences, premium reader prospects",0.7942,0.83,6.65
the-adventure-of-the-abbey-grange,The Adventure of the Abbey Grange,Arthur Conan Doyle,eng,adventure,medium,9233,39,PASS,A,reader_ready,NOT_APPROVED_OR_NOT_RUN,DESIGNED_PLACEHOLDER_NO_SAFE_LOCAL_COVER,live,NOT_PROVEN,NOT_RUN,,,,Classic literature positioned through a premium reader-first edition.,"Classic short-story readers, students, quote-card audiences, premium reader prospects",1.108,0.83,6.65
the-adventure-of-the-beryl-coronet,The Adventure of the Beryl Coronet,Arthur Conan Doyle,eng,adventure,medium,9714,41,PASS,A,reader_ready,NOT_APPROVED_OR_NOT_RUN,DESIGNED_PLACEHOLDER_NO_SAFE_LOCAL_COVER,live,NOT_PROVEN,NOT_RUN,,,,Classic literature positioned through a premium reader-first edition.,"Classic short-story readers, students, quote-card audiences, premium reader prospects",1.1657,0.83,6.65
the-adventure-of-the-blue-carbuncle,The Adventure of the Blue Carbuncle,Arthur Conan Doyle,eng,adventure,medium,7894,33,PASS,A,reader_ready,NOT_APPROVED_OR_NOT_RUN,DESIGNED_PLACEHOLDER_NO_SAFE_LOCAL_COVER,live,NOT_PROVEN,NOT_RUN,,,,Classic literature positioned through a premium reader-first edition.,"Classic short-story readers, students, quote-card audiences, premium reader prospects",0.9473,0.83,6.65
the-adventure-of-the-dancing-men,The Adventure of the Dancing Men,Arthur Conan Doyle,eng,adventure,medium,9716,41,PASS,A,reader_ready,NOT_APPROVED_OR_NOT_RUN,DESIGNED_PLACEHOLDER_NO_SAFE_LOCAL_COVER,live,NOT_PROVEN,NOT_RUN,,,,Classic literature positioned through a premium reader-first edition.,"Classic short-story readers, students, quote-card audiences, premium reader prospects",1.1659,0.83,6.65
the-adventure-of-the-empty-house,The Adventure of the Empty House,Arthur Conan Doyle,eng,adventure,medium,8755,37,PASS,A,reader_ready,NOT_APPROVED_OR_NOT_RUN,DESIGNED_PLACEHOLDER_NO_SAFE_LOCAL_COVER,live,NOT_PROVEN,NOT_RUN,,,,Classic literature positioned through a premium reader-first edition.,"Classic short-story readers, students, quote-card audiences, premium reader prospects",1.0506,0.83,6.65
the-adventure-of-the-final-problem,The Adventure of the Final Problem,Arthur Conan Doyle,eng,adventure,medium,7180,30,PASS,A,reader_ready,NOT_APPROVED_OR_NOT_RUN,DESIGNED_PLACEHOLDER_NO_SAFE_LOCAL_COVER,live,NOT_PROVEN,NOT_RUN,,,,Classic literature positioned through a premium reader-first edition.,"Classic short-story readers, students, quote-card audiences, premium reader prospects",0.8616,0.83,6.65
the-adventure-of-the-greek-interpreter,The Adventure of the Greek Interpreter,Arthur Conan Doyle,eng,adventure,medium,7059,30,PASS,A,reader_ready,NOT_APPROVED_OR_NOT_RUN,DESIGNED_PLACEHOLDER_NO_SAFE_LOCAL_COVER,live,NOT_PROVEN,NOT_RUN,,,,Classic literature positioned through a premium reader-first edition.,"Classic short-story readers, students, quote-card audiences, premium reader prospects",0.8471,0.83,6.65
the-adventure-of-the-noble-bachelor,The Adventure of the Noble Bachelor,Arthur Conan Doyle,eng,adventure,medium,8175,34,PASS,A,reader_ready,NOT_APPROVED_OR_NOT_RUN,DESIGNED_PLACEHOLDER_NO_SAFE_LOCAL_COVER,live,NOT_PROVEN,NOT_RUN,,,,Classic literature positioned through a premium reader-first edition.,"Classic short-story readers, students, quote-card audiences, premium reader prospects",0.981,0.83,6.65
the-adventure-of-the-priory-school,The Adventure of the Priory School,Arthur Conan Doyle,eng,adventure,medium,11551,49,PASS,A,reader_ready,NOT_APPROVED_OR_NOT_RUN,DESIGNED_PLACEHOLDER_NO_SAFE_LOCAL_COVER,live,NOT_PROVEN,NOT_RUN,,,,Classic literature positioned through a premium reader-first edition.,"Classic short-story readers, students, quote-card audiences, premium reader prospects",1.3861,0.83,6.65
the-adventure-of-the-second-stain,The Adventure of the Second Stain,Arthur Conan Doyle,eng,adventure,medium,9738,41,PASS,A,reader_ready,NOT_APPROVED_OR_NOT_RUN,DESIGNED_PLACEHOLDER_NO_SAFE_LOCAL_COVER,live,NOT_PROVEN,NOT_RUN,,,,Classic literature positioned through a premium reader-first edition.,"Classic short-story readers, students, quote-card audiences, premium reader prospects",1.1686,0.83,6.65
a-jury-of-her-peers,A Jury of Her Peers,Susan Glaspell,eng,literary-fiction,medium,8217,35,PASS,A,reader_ready,NOT_APPROVED_OR_NOT_RUN,DESIGNED_PLACEHOLDER_NO_SAFE_LOCAL_COVER,live,NOT_PROVEN,NOT_RUN,,,,Compact human drama suited to quote cards and audio teasers.,"Classic short-story readers, students, quote-card audiences, premium reader prospects",0.986,0.83,6.6
a-mystery-of-heroism,A Mystery of Heroism,Stephen Crane,eng,gothic-fiction,medium,3413,14,PASS,A,reader_ready,NOT_APPROVED_OR_NOT_RUN,DESIGNED_PLACEHOLDER_NO_SAFE_LOCAL_COVER,live,NOT_PROVEN,NOT_RUN,,,,Gothic atmosphere and suspense for short-form literary discovery.,"Gothic classics readers, literature students, horror-adjacent BookTok/Shorts viewers",0.4096,0.83,6.6
a-wagner-matinee,A Wagner Matinee,Willa Cather,eng,literary-fiction,medium,3319,14,PASS,A,reader_ready,NOT_APPROVED_OR_NOT_RUN,DESIGNED_PLACEHOLDER_NO_SAFE_LOCAL_COVER,live,NOT_PROVEN,NOT_RUN,,,,Compact human drama suited to quote cards and audio teasers.,"Classic short-story readers, students, quote-card audiences, premium reader prospects",0.3983,0.83,6.6
a-white-heron,A White Heron,Sarah Orne Jewett,eng,literary-fiction,medium,4319,18,PASS,A,reader_ready,NOT_APPROVED_OR_NOT_RUN,DESIGNED_PLACEHOLDER_NO_SAFE_LOCAL_COVER,live,NOT_PROVEN,NOT_RUN,,,,Compact human drama suited to quote cards and audio teasers.,"Classic short-story readers, students, quote-card audiences, premium reader prospects",0.5183,0.83,6.6
an-occurrence-at-owl-creek-bridge,An Occurrence at Owl Creek Bridge,Ambrose Bierce,eng,history-strategy,medium,3776,16,PASS,A,reader_ready,NOT_APPROVED_OR_NOT_RUN,DESIGNED_PLACEHOLDER_NO_SAFE_LOCAL_COVER,live,NOT_PROVEN,NOT_RUN,,,,"Land, power, and memory with strong Bengali cultural resonance.","Classic short-story readers, students, quote-card audiences, premium reader prospects",0.4531,0.83,6.6
feathertop,Feathertop,Nathaniel Hawthorne,eng,literary-fiction,medium,7844,33,PASS,A,reader_ready,NOT_APPROVED_OR_NOT_RUN,DESIGNED_PLACEHOLDER_NO_SAFE_LOCAL_COVER,live,NOT_PROVEN,NOT_RUN,,,,Compact human drama suited to quote cards and audio teasers.,"Classic short-story readers, students, quote-card audiences, premium reader prospects",0.9413,0.83,6.6
pauls-case,Paul's Case,Willa Cather,eng,literary-fiction,medium,8574,36,PASS,A,reader_ready,NOT_APPROVED_OR_NOT_RUN,DESIGNED_PLACEHOLDER_NO_SAFE_LOCAL_COVER,live,NOT_PROVEN,NOT_RUN,,,,Compact human drama suited to quote cards and audio teasers.,"Classic short-story readers, students, quote-card audiences, premium reader prospects",1.0289,0.83,6.6
rappaccinis-daughter,Rappaccini's Daughter,Nathaniel Hawthorne,eng,gothic-fiction,medium,11465,48,PASS,A,reader_ready,NOT_APPROVED_OR_NOT_RUN,DESIGNED_PLACEHOLDER_NO_SAFE_LOCAL_COVER,live,NOT_PROVEN,NOT_RUN,,,,Gothic atmosphere and suspense for short-form literary discovery.,"Gothic classics readers, literature students, horror-adjacent BookTok/Shorts viewers",1.3758,0.83,6.6
rip-van-winkle,Rip Van Winkle,Washington Irving,eng,literary-fiction,medium,6906,29,PASS,A,reader_ready,NOT_APPROVED_OR_NOT_RUN,DESIGNED_PLACEHOLDER_NO_SAFE_LOCAL_COVER,live,NOT_PROVEN,NOT_RUN,,,,Compact human drama suited to quote cards and audio teasers.,"Classic short-story readers, students, quote-card audiences, premium reader prospects",0.8287,0.83,6.6
the-ambitious-guest,The Ambitious Guest,Nathaniel Hawthorne,eng,literary-fiction,medium,3285,14,PASS,A,reader_ready,NOT_APPROVED_OR_NOT_RUN,DESIGNED_PLACEHOLDER_NO_SAFE_LOCAL_COVER,live,NOT_PROVEN,NOT_RUN,,,,Compact human drama suited to quote cards and audio teasers.,"Classic short-story readers, students, quote-card audiences, premium reader prospects",0.3942,0.83,6.6
the-bishop,The Bishop,Anton Chekhov,eng,literary-fiction,medium,6321,27,PASS,A,reader_ready,NOT_APPROVED_OR_NOT_RUN,DESIGNED_PLACEHOLDER_NO_SAFE_LOCAL_COVER,live,NOT_PROVEN,NOT_RUN,,,,Compact human drama suited to quote cards and audio teasers.,"Classic short-story readers, students, quote-card audiences, premium reader prospects",0.7585,0.83,6.6
the-darling,The Darling,Anton Chekhov,eng,literary-fiction,medium,4931,21,PASS,A,reader_ready,NOT_APPROVED_OR_NOT_RUN,DESIGNED_PLACEHOLDER_NO_SAFE_LOCAL_COVER,live,NOT_PROVEN,NOT_RUN,,,,Compact human drama suited to quote cards and audio teasers.,"Classic short-story readers, students, quote-card audiences, premium reader prospects",0.5917,0.83,6.6
the-lady-with-the-dog,The Lady with the Dog,Anton Chekhov,eng,literary-fiction,medium,6628,28,PASS,A,reader_ready,NOT_APPROVED_OR_NOT_RUN,DESIGNED_PLACEHOLDER_NO_SAFE_LOCAL_COVER,live,NOT_PROVEN,NOT_RUN,,,,Compact human drama suited to quote cards and audio teasers.,"Classic short-story readers, students, quote-card audiences, premium reader prospects",0.7954,0.83,6.6
the-man-in-a-case,The Man in a Case,Anton Chekhov,eng,literary-fiction,medium,5335,22,PASS,A,reader_ready,NOT_APPROVED_OR_NOT_RUN,DESIGNED_PLACEHOLDER_NO_SAFE_LOCAL_COVER,live,NOT_PROVEN,NOT_RUN,,,,Compact human drama suited to quote cards and audio teasers.,"Classic short-story readers, students, quote-card audiences, premium reader prospects",0.6402,0.83,6.6
the-ministers-black-veil,The Minister's Black Veil,Nathaniel Hawthorne,eng,gothic-fiction,medium,5193,22,PASS,A,reader_ready,NOT_APPROVED_OR_NOT_RUN,DESIGNED_PLACEHOLDER_NO_SAFE_LOCAL_COVER,live,NOT_PROVEN,NOT_RUN,,,,Gothic atmosphere and suspense for short-form literary discovery.,"Gothic classics readers, literature students, horror-adjacent BookTok/Shorts viewers",0.6232,0.83,6.6
the-monkeys-paw,The Monkey's Paw,W.W. Jacobs,eng,gothic-fiction,medium,4033,17,PASS,A,reader_ready,NOT_APPROVED_OR_NOT_RUN,DESIGNED_PLACEHOLDER_NO_SAFE_LOCAL_COVER,live,NOT_PROVEN,NOT_RUN,,,,Gothic atmosphere and suspense for short-form literary discovery.,"Gothic classics readers, literature students, horror-adjacent BookTok/Shorts viewers",0.484,0.83,6.6
the-most-dangerous-game,The Most Dangerous Game,Richard Connell,eng,literary-fiction,medium,8196,34,PASS,A,reader_ready,NOT_APPROVED_OR_NOT_RUN,DESIGNED_PLACEHOLDER_NO_SAFE_LOCAL_COVER,live,NOT_PROVEN,NOT_RUN,,,,Compact human drama suited to quote cards and audio teasers.,"Classic short-story readers, students, quote-card audiences, premium reader prospects",0.9835,0.83,6.6
the-outcasts-of-poker-flat,The Outcasts of Poker Flat,Bret Harte,eng,literary-fiction,medium,4090,17,PASS,A,reader_ready,NOT_APPROVED_OR_NOT_RUN,DESIGNED_PLACEHOLDER_NO_SAFE_LOCAL_COVER,live,NOT_PROVEN,NOT_RUN,,,,Compact human drama suited to quote cards and audio teasers.,"Classic short-story readers, students, quote-card audiences, premium reader prospects",0.4908,0.83,6.6
the-withered-arm,The Withered Arm,Thomas Hardy,eng,gothic-fiction,medium,10749,45,PASS,A,reader_ready,NOT_APPROVED_OR_NOT_RUN,DESIGNED_PLACEHOLDER_NO_SAFE_LOCAL_COVER,live,NOT_PROVEN,NOT_RUN,,,,Gothic atmosphere and suspense for short-form literary discovery.,"Gothic classics readers, literature students, horror-adjacent BookTok/Shorts viewers",1.2899,0.83,6.6
the-yellow-wallpaper,The Yellow Wallpaper,Charlotte Perkins Gilman,eng,gothic-fiction,medium,6225,26,PASS,A,reader_ready,NOT_APPROVED_OR_NOT_RUN,DESIGNED_PLACEHOLDER_NO_SAFE_LOCAL_COVER,live,NOT_PROVEN,NOT_RUN,,,,Gothic atmosphere and suspense for short-form literary discovery.,"Gothic classics readers, literature students, horror-adjacent BookTok/Shorts viewers",0.747,0.83,6.6
young-goodman-brown,Young Goodman Brown,Nathaniel Hawthorne,eng,literary-fiction,medium,5264,22,PASS,A,reader_ready,NOT_APPROVED_OR_NOT_RUN,DESIGNED_PLACEHOLDER_NO_SAFE_LOCAL_COVER,live,NOT_PROVEN,NOT_RUN,,,,Compact human drama suited to quote cards and audio teasers.,"Classic short-story readers, students, quote-card audiences, premium reader prospects",0.6317,0.83,6.6
love-of-life,Love of Life,Jack London,eng,adventure,medium,8161,34,PASS,A,reader_ready,NOT_APPROVED_OR_NOT_RUN,DESIGNED_PLACEHOLDER_NO_SAFE_LOCAL_COVER,live,NOT_PROVEN,NOT_RUN,,,,Classic literature positioned through a premium reader-first edition.,"Classic short-story readers, students, quote-card audiences, premium reader prospects",0.9793,0.83,6.18
the-country-of-the-blind,The Country of the Blind,H.G. Wells,eng,science-fiction,medium,9570,40,PASS,A,reader_ready,NOT_APPROVED_OR_NOT_RUN,DESIGNED_PLACEHOLDER_NO_SAFE_LOCAL_COVER,live,NOT_PROVEN,NOT_RUN,,,,Classic literature positioned through a premium reader-first edition.,"Classic short-story readers, students, quote-card audiences, premium reader prospects",1.1484,0.83,6.18
the-door-in-the-wall,The Door in the Wall,H.G. Wells,eng,science-fiction,medium,6750,28,PASS,A,reader_ready,NOT_APPROVED_OR_NOT_RUN,DESIGNED_PLACEHOLDER_NO_SAFE_LOCAL_COVER,live,NOT_PROVEN,NOT_RUN,,,,Classic literature positioned through a premium reader-first edition.,"Classic short-story readers, students, quote-card audiences, premium reader prospects",0.81,0.83,6.18
the-luck-of-roaring-camp,The Luck of Roaring Camp,Bret Harte,eng,adventure,medium,4188,18,PASS,A,reader_ready,NOT_APPROVED_OR_NOT_RUN,DESIGNED_PLACEHOLDER_NO_SAFE_LOCAL_COVER,live,NOT_PROVEN,NOT_RUN,,,,Classic literature positioned through a premium reader-first edition.,"Classic short-story readers, students, quote-card audiences, premium reader prospects",0.5026,0.83,6.18
to-build-a-fire,To Build a Fire,Jack London,eng,adventure,medium,7116,30,PASS,A,reader_ready,NOT_APPROVED_OR_NOT_RUN,DESIGNED_PLACEHOLDER_NO_SAFE_LOCAL_COVER,live,NOT_PROVEN,NOT_RUN,,,,Classic literature positioned through a premium reader-first edition.,"Classic short-story readers, students, quote-card audiences, premium reader prospects",0.8539,0.83,6.18
dracula,Dracula,Bram Stoker,eng,gothic-fiction,long,162607,685,PASS,A,reader_ready,NOT_APPROVED_OR_NOT_RUN,CLOUDINARY_ASSIGNED,live,NOT_PROVEN,NOT_RUN,,,LONG_FORM_AUDIO_COST_AND_QA_RISK,Gothic atmosphere and suspense for short-form literary discovery.,"Gothic classics readers, literature students, horror-adjacent BookTok/Shorts viewers",19.5128,0.75,5.97
frankenstein,Frankenstein,Mary Wollstonecraft Shelley,eng,gothic-fiction,long,75103,316,PASS,A,reader_ready,NOT_APPROVED_OR_NOT_RUN,CLOUDINARY_ASSIGNED,live,NOT_PROVEN,NOT_RUN,,,LONG_FORM_AUDIO_COST_AND_QA_RISK,Gothic atmosphere and suspense for short-form literary discovery.,"Gothic classics readers, literature students, horror-adjacent BookTok/Shorts viewers",9.0124,0.75,5.97
the-adventures-of-sherlock-holmes,The Adventures of Sherlock Holmes,Arthur Conan Doyle,eng,literary-fiction,long,105116,442,PASS,A,reader_ready,NOT_APPROVED_OR_NOT_RUN,CLOUDINARY_ASSIGNED,live,NOT_PROVEN,NOT_RUN,,,LONG_FORM_AUDIO_COST_AND_QA_RISK,Compact human drama suited to quote cards and audio teasers.,"Classic short-story readers, students, quote-card audiences, premium reader prospects",12.6139,0.75,5.97
the-murders-in-the-rue-morgue,The Murders in the Rue Morgue,Edgar Allan Poe,eng,gothic-fiction,long,13882,58,PASS,A,reader_ready,NOT_APPROVED_OR_NOT_RUN,DESIGNED_PLACEHOLDER_NO_SAFE_LOCAL_COVER,live,NOT_PROVEN,NOT_RUN,,,LONG_FORM_AUDIO_COST_AND_QA_RISK,Gothic atmosphere and suspense for short-form literary discovery.,"Gothic classics readers, literature students, horror-adjacent BookTok/Shorts viewers",1.6658,0.75,5.97
the-picture-of-dorian-gray,The Picture of Dorian Gray,Oscar Wilde,eng,literary-fiction,long,79408,336,PASS,A,reader_ready,NOT_APPROVED_OR_NOT_RUN,CLOUDINARY_ASSIGNED,live,NOT_PROVEN,NOT_RUN,,,LONG_FORM_AUDIO_COST_AND_QA_RISK,Compact human drama suited to quote cards and audio teasers.,"Classic short-story readers, students, quote-card audiences, premium reader prospects",9.529,0.75,5.97
the-strange-case-of-dr-jekyll-and-mr-hyde,The Strange Case of Dr Jekyll and Mr Hyde,Robert Louis Stevenson,eng,gothic-fiction,long,25889,109,PASS,A,reader_ready,NOT_APPROVED_OR_NOT_RUN,DESIGNED_PLACEHOLDER_NO_SAFE_LOCAL_COVER,live,NOT_PROVEN,NOT_RUN,,,LONG_FORM_AUDIO_COST_AND_QA_RISK,Gothic atmosphere and suspense for short-form literary discovery.,"Gothic classics readers, literature students, horror-adjacent BookTok/Shorts viewers",3.1067,0.75,5.97
eyesore-chokher-bali,Eyesore (Chokher Bali),Rabindranath Tagore,eng,classic-literature,long,48588,203,PASS,A,reader_ready,NOT_APPROVED_OR_NOT_RUN,DESIGNED_PLACEHOLDER_NO_SAFE_LOCAL_COVER,live,NOT_PROVEN,NOT_RUN,,,LONG_FORM_AUDIO_COST_AND_QA_RISK,Classic literature positioned through a premium reader-first edition.,"Classic short-story readers, students, quote-card audiences, premium reader prospects",5.8306,0.75,5.55
hound-of-the-baskervilles,The Hound of the Baskervilles,Arthur Conan Doyle,eng,classic-literature,long,59233,247,PASS,A,reader_ready,NOT_APPROVED_OR_NOT_RUN,DESIGNED_PLACEHOLDER_NO_SAFE_LOCAL_COVER,live,NOT_PROVEN,NOT_RUN,,,LONG_FORM_AUDIO_COST_AND_QA_RISK,Classic literature positioned through a premium reader-first edition.,"Classic short-story readers, students, quote-card audiences, premium reader prospects",7.108,0.75,5.55
picture-of-dorian-gray,The Picture of Dorian Gray,Oscar Wilde,eng,classic-literature,long,79090,330,PASS,A,reader_ready,NOT_APPROVED_OR_NOT_RUN,DESIGNED_PLACEHOLDER_NO_SAFE_LOCAL_COVER,live,NOT_PROVEN,NOT_RUN,,,LONG_FORM_AUDIO_COST_AND_QA_RISK,Classic literature positioned through a premium reader-first edition.,"Classic short-story readers, students, quote-card audiences, premium reader prospects",9.4908,0.75,5.55
jekyll-and-hyde,The Strange Case of Dr. Jekyll and Mr. Hyde,Robert Louis Stevenson,eng,classic-literature,long,25606,107,PASS,A,reader_ready,NOT_APPROVED_OR_NOT_RUN,DESIGNED_PLACEHOLDER_NO_SAFE_LOCAL_COVER,live,NOT_PROVEN,NOT_RUN,,,LONG_FORM_AUDIO_COST_AND_QA_RISK,Classic literature positioned through a premium reader-first edition.,"Classic short-story readers, students, quote-card audiences, premium reader prospects",3.0727,0.75,5.55
the-suicide-club,The Suicide Club,Robert Louis Stevenson,eng,adventure,long,27707,116,PASS,A,reader_ready,NOT_APPROVED_OR_NOT_RUN,DESIGNED_PLACEHOLDER_NO_SAFE_LOCAL_COVER,live,NOT_PROVEN,NOT_RUN,,,LONG_FORM_AUDIO_COST_AND_QA_RISK,Classic literature positioned through a premium reader-first edition.,"Classic short-story readers, students, quote-card audiences, premium reader prospects",3.3248,0.75,5.55
alices-adventures-in-wonderland,Alice's Adventures in Wonderland,Lewis Carroll,eng,young-readers,long,27172,115,PASS,A,reader_ready,NOT_APPROVED_OR_NOT_RUN,CLOUDINARY_ASSIGNED,live,NOT_PROVEN,NOT_RUN,,,LONG_FORM_AUDIO_COST_AND_QA_RISK,Accessible emotional classic with student/family appeal.,"Classic short-story readers, students, quote-card audiences, premium reader prospects",3.2606,0.75,5.5
bharat-at-the-crossroads,Bharat at the Crossroads,Ronik Basak,eng,history-strategy,long,36712,154,PASS,A,reader_ready,NOT_APPROVED_OR_NOT_RUN,CLOUDINARY_ASSIGNED,live,NOT_PROVEN,NOT_RUN,,,LONG_FORM_AUDIO_COST_AND_QA_RISK,"Land, power, and memory with strong Bengali cultural resonance.","Classic short-story readers, students, quote-card audiences, premium reader prospects",4.4054,0.75,5.5
boule-de-suif,Boule de Suif,Guy de Maupassant,eng,history-strategy,long,14440,61,PASS,A,reader_ready,NOT_APPROVED_OR_NOT_RUN,DESIGNED_PLACEHOLDER_NO_SAFE_LOCAL_COVER,live,NOT_PROVEN,NOT_RUN,,,LONG_FORM_AUDIO_COST_AND_QA_RISK,"Land, power, and memory with strong Bengali cultural resonance.","Classic short-story readers, students, quote-card audiences, premium reader prospects",1.7328,0.75,5.5
pride-and-prejudice,Pride and Prejudice,Jane Austen,eng,literary-fiction,long,122221,535,PASS,A,reader_ready,NOT_APPROVED_OR_NOT_RUN,CLOUDINARY_ASSIGNED,live,NOT_PROVEN,NOT_RUN,,,LONG_FORM_AUDIO_COST_AND_QA_RISK,Compact human drama suited to quote cards and audio teasers.,"Classic short-story readers, students, quote-card audiences, premium reader prospects",14.6665,0.75,5.5
the-enchanted-april,The Enchanted April,Elizabeth von Arnim,eng,literary-fiction,long,79740,335,PASS,A,reader_ready,NOT_APPROVED_OR_NOT_RUN,DESIGNED_PLACEHOLDER_NO_SAFE_LOCAL_COVER,live,NOT_PROVEN,NOT_RUN,,,LONG_FORM_AUDIO_COST_AND_QA_RISK,Compact human drama suited to quote cards and audio teasers.,"Classic short-story readers, students, quote-card audiences, premium reader prospects",9.5688,0.75,5.5
the-great-gatsby,The Great Gatsby,F. Scott Fitzgerald,eng,literary-fiction,long,49713,209,PASS,A,reader_ready,NOT_APPROVED_OR_NOT_RUN,CLOUDINARY_ASSIGNED,live,NOT_PROVEN,NOT_RUN,,,LONG_FORM_AUDIO_COST_AND_QA_RISK,Compact human drama suited to quote cards and audio teasers.,"Classic short-story readers, students, quote-card audiences, premium reader prospects",5.9656,0.75,5.5
the-legend-of-sleepy-hollow,The Legend of Sleepy Hollow,Washington Irving,eng,gothic-fiction,long,12267,52,PASS,A,reader_ready,NOT_APPROVED_OR_NOT_RUN,DESIGNED_PLACEHOLDER_NO_SAFE_LOCAL_COVER,live,NOT_PROVEN,NOT_RUN,,,LONG_FORM_AUDIO_COST_AND_QA_RISK,Gothic atmosphere and suspense for short-form literary discovery.,"Gothic classics readers, literature students, horror-adjacent BookTok/Shorts viewers",1.472,0.75,5.5
the-lifted-veil,The Lifted Veil,George Eliot,eng,gothic-fiction,long,17693,74,PASS,A,reader_ready,NOT_APPROVED_OR_NOT_RUN,DESIGNED_PLACEHOLDER_NO_SAFE_LOCAL_COVER,live,NOT_PROVEN,NOT_RUN,,,LONG_FORM_AUDIO_COST_AND_QA_RISK,Gothic atmosphere and suspense for short-form literary discovery.,"Gothic classics readers, literature students, horror-adjacent BookTok/Shorts viewers",2.1232,0.75,5.5
the-wonderful-wizard-of-oz,The Wonderful Wizard of Oz,L. Frank Baum,eng,young-readers,long,39439,168,PASS,A,reader_ready,NOT_APPROVED_OR_NOT_RUN,CLOUDINARY_ASSIGNED,live,NOT_PROVEN,NOT_RUN,,,LONG_FORM_AUDIO_COST_AND_QA_RISK,Accessible emotional classic with student/family appeal.,"Classic short-story readers, students, quote-card audiences, premium reader prospects",4.7327,0.75,5.5
ward-no-6,Ward No. 6,Anton Chekhov,eng,gothic-fiction,long,21463,90,PASS,A,reader_ready,NOT_APPROVED_OR_NOT_RUN,DESIGNED_PLACEHOLDER_NO_SAFE_LOCAL_COVER,live,NOT_PROVEN,NOT_RUN,,,LONG_FORM_AUDIO_COST_AND_QA_RISK,Gothic atmosphere and suspense for short-form literary discovery.,"Gothic classics readers, literature students, horror-adjacent BookTok/Shorts viewers",2.5756,0.75,5.5
acres-of-diamonds,Acres of Diamonds,Russell H. Conwell,eng,business,long,44044,185,PASS,A,reader_ready,NOT_APPROVED_OR_NOT_RUN,CLOUDINARY_ASSIGNED,live,NOT_PROVEN,NOT_RUN,,,LONG_FORM_AUDIO_COST_AND_QA_RISK,Classic literature positioned through a premium reader-first edition.,"Classic short-story readers, students, quote-card audiences, premium reader prospects",5.2853,0.75,5.08
carmilla,Carmilla,J. Sheridan Le Fanu,eng,classic-literature,long,28115,118,PASS,A,reader_ready,NOT_APPROVED_OR_NOT_RUN,DESIGNED_PLACEHOLDER_NO_SAFE_LOCAL_COVER,live,NOT_PROVEN,NOT_RUN,,,LONG_FORM_AUDIO_COST_AND_QA_RISK,Classic literature positioned through a premium reader-first edition.,"Classic short-story readers, students, quote-card audiences, premium reader prospects",3.3738,0.75,5.08
great-expectations,Great Expectations,Charles Dickens,eng,classic-literature,long,187607,789,PASS,A,reader_ready,NOT_APPROVED_OR_NOT_RUN,CLOUDINARY_ASSIGNED,live,NOT_PROVEN,NOT_RUN,,,LONG_FORM_AUDIO_COST_AND_QA_RISK,Classic literature positioned through a premium reader-first edition.,"Classic short-story readers, students, quote-card audiences, premium reader prospects",22.5128,0.75,5.08
jane-eyre,Jane Eyre,Charlotte Brontë,eng,classic-literature,long,187226,791,PASS,A,reader_ready,NOT_APPROVED_OR_NOT_RUN,DESIGNED_PLACEHOLDER_NO_SAFE_LOCAL_COVER,live,NOT_PROVEN,NOT_RUN,,,LONG_FORM_AUDIO_COST_AND_QA_RISK,Classic literature positioned through a premium reader-first edition.,"Classic short-story readers, students, quote-card audiences, premium reader prospects",22.4671,0.75,5.08
my-life-and-work,My Life and Work,Henry Ford and Samuel Crowther,eng,business,long,93851,395,PASS,A,reader_ready,NOT_APPROVED_OR_NOT_RUN,CLOUDINARY_ASSIGNED,live,NOT_PROVEN,NOT_RUN,,,LONG_FORM_AUDIO_COST_AND_QA_RISK,Classic literature positioned through a premium reader-first edition.,"Classic short-story readers, students, quote-card audiences, premium reader prospects",11.2621,0.75,5.08
the-art-of-money-getting,The Art of Money Getting,P. T. Barnum,eng,business,long,13564,57,PASS,A,reader_ready,NOT_APPROVED_OR_NOT_RUN,CLOUDINARY_ASSIGNED,live,NOT_PROVEN,NOT_RUN,,,LONG_FORM_AUDIO_COST_AND_QA_RISK,Classic literature positioned through a premium reader-first edition.,"Classic short-story readers, students, quote-card audiences, premium reader prospects",1.6277,0.75,5.08
the-call-of-the-wild,The Call of the Wild,Jack London,eng,adventure,long,32001,135,PASS,A,reader_ready,NOT_APPROVED_OR_NOT_RUN,CLOUDINARY_ASSIGNED,live,NOT_PROVEN,NOT_RUN,,,LONG_FORM_AUDIO_COST_AND_QA_RISK,Classic literature positioned through a premium reader-first edition.,"Classic short-story readers, students, quote-card audiences, premium reader prospects",3.8401,0.75,5.08
the-man-who-would-be-king,The Man Who Would Be King,Rudyard Kipling,eng,adventure,long,14705,62,PASS,A,reader_ready,NOT_APPROVED_OR_NOT_RUN,DESIGNED_PLACEHOLDER_NO_SAFE_LOCAL_COVER,live,NOT_PROVEN,NOT_RUN,,,LONG_FORM_AUDIO_COST_AND_QA_RISK,Classic literature positioned through a premium reader-first edition.,"Classic short-story readers, students, quote-card audiences, premium reader prospects",1.7646,0.75,5.08
the-metamorphosis,The Metamorphosis,Franz Kafka,eng,science-fiction,long,22336,94,PASS,A,reader_ready,NOT_APPROVED_OR_NOT_RUN,DESIGNED_PLACEHOLDER_NO_SAFE_LOCAL_COVER,live,NOT_PROVEN,NOT_RUN,,,LONG_FORM_AUDIO_COST_AND_QA_RISK,Classic literature positioned through a premium reader-first edition.,"Classic short-story readers, students, quote-card audiences, premium reader prospects",2.6803,0.75,5.08
the-open-boat,The Open Boat,Stephen Crane,eng,adventure,long,14851,62,PASS,A,reader_ready,NOT_APPROVED_OR_NOT_RUN,DESIGNED_PLACEHOLDER_NO_SAFE_LOCAL_COVER,live,NOT_PROVEN,NOT_RUN,,,LONG_FORM_AUDIO_COST_AND_QA_RISK,Classic literature positioned through a premium reader-first edition.,"Classic short-story readers, students, quote-card audiences, premium reader prospects",1.7821,0.75,5.08
the-principles-of-scientific-management,The Principles of Scientific Management,Frederick Winslow Taylor,eng,business,long,36574,154,PASS,A,reader_ready,NOT_APPROVED_OR_NOT_RUN,CLOUDINARY_ASSIGNED,live,NOT_PROVEN,NOT_RUN,,,LONG_FORM_AUDIO_COST_AND_QA_RISK,Classic literature positioned through a premium reader-first edition.,"Classic short-story readers, students, quote-card audiences, premium reader prospects",4.3889,0.75,5.08
the-science-of-getting-rich,The Science of Getting Rich,W. D. Wattles,eng,business,long,22974,97,PASS,A,reader_ready,NOT_APPROVED_OR_NOT_RUN,CLOUDINARY_ASSIGNED,live,NOT_PROVEN,NOT_RUN,,,LONG_FORM_AUDIO_COST_AND_QA_RISK,Classic literature positioned through a premium reader-first edition.,"Classic short-story readers, students, quote-card audiences, premium reader prospects",2.7569,0.75,5.08
the-secret-garden,The Secret Garden,Frances Hodgson Burnett,eng,children-classics,long,82550,348,PASS,A,reader_ready,NOT_APPROVED_OR_NOT_RUN,CLOUDINARY_ASSIGNED,live,NOT_PROVEN,NOT_RUN,,,LONG_FORM_AUDIO_COST_AND_QA_RISK,Classic literature positioned through a premium reader-first edition.,"Classic short-story readers, students, quote-card audiences, premium reader prospects",9.906,0.75,5.08
the-time-machine,The Time Machine,H. G. Wells,eng,science-fiction,long,32607,138,PASS,A,reader_ready,NOT_APPROVED_OR_NOT_RUN,CLOUDINARY_ASSIGNED,live,NOT_PROVEN,NOT_RUN,,,LONG_FORM_AUDIO_COST_AND_QA_RISK,Classic literature positioned through a premium reader-first edition.,"Classic short-story readers, students, quote-card audiences, premium reader prospects",3.9128,0.75,5.08
woman-in-white,The Woman in White,Wilkie Collins,eng,classic-literature,long,246744,1029,PASS,A,reader_ready,NOT_APPROVED_OR_NOT_RUN,DESIGNED_PLACEHOLDER_NO_SAFE_LOCAL_COVER,live,NOT_PROVEN,NOT_RUN,,,LONG_FORM_AUDIO_COST_AND_QA_RISK,Classic literature positioned through a premium reader-first edition.,"Classic short-story readers, students, quote-card audiences, premium reader prospects",29.6093,0.75,5.08
white-fang,White Fang,Jack London,eng,adventure,long,72699,307,PASS,A,reader_ready,NOT_APPROVED_OR_NOT_RUN,DESIGNED_PLACEHOLDER_NO_SAFE_LOCAL_COVER,live,NOT_PROVEN,NOT_RUN,,,LONG_FORM_AUDIO_COST_AND_QA_RISK,Classic literature positioned through a premium reader-first edition.,"Classic short-story readers, students, quote-card audiences, premium reader prospects",8.7239,0.75,5.08
en-059,Ligeia,Edgar Allan Poe,eng,english-classics,unknown,,,PASS,manifest,draft,NOT_APPROVED_OR_NOT_RUN,UNKNOWN,draft,NOT_PROVEN,NOT_RUN,,,COVER_REVIEW_OR_RUNTIME_FALLBACK_REQUIRED,Classic literature positioned through a premium reader-first edition.,"Classic short-story readers, students, quote-card audiences, premium reader prospects",0.05,0.25,4.67
en-028,The Story of an Hour,Kate Chopin,eng,english-classics,unknown,,,PASS,manifest,draft,NOT_APPROVED_OR_NOT_RUN,UNKNOWN,draft,NOT_PROVEN,NOT_RUN,,,COVER_REVIEW_OR_RUNTIME_FALLBACK_REQUIRED,Classic literature positioned through a premium reader-first edition.,"Classic short-story readers, students, quote-card audiences, premium reader prospects",0.05,0.25,4.67
en-045,Gooseberries,Anton Chekhov,eng,english-classics,unknown,,,PASS,manifest,draft,NOT_APPROVED_OR_NOT_RUN,UNKNOWN,draft,NOT_PROVEN,NOT_RUN,,,COVER_REVIEW_OR_RUNTIME_FALLBACK_REQUIRED,Classic literature positioned through a premium reader-first edition.,"Classic short-story readers, students, quote-card audiences, premium reader prospects",0.05,0.25,4.2
en-081,In the Penal Colony,Franz Kafka,eng,english-classics,unknown,,,PASS,manifest,draft,NOT_APPROVED_OR_NOT_RUN,UNKNOWN,draft,NOT_PROVEN,NOT_RUN,,,COVER_REVIEW_OR_RUNTIME_FALLBACK_REQUIRED,Classic literature positioned through a premium reader-first edition.,"Classic short-story readers, students, quote-card audiences, premium reader prospects",0.05,0.25,4.2
en-052,The Bride Comes to Yellow Sky,Stephen Crane,eng,english-classics,unknown,,,PASS,manifest,draft,NOT_APPROVED_OR_NOT_RUN,UNKNOWN,draft,NOT_PROVEN,NOT_RUN,,,COVER_REVIEW_OR_RUNTIME_FALLBACK_REQUIRED,Classic literature positioned through a premium reader-first edition.,"Classic short-story readers, students, quote-card audiences, premium reader prospects",0.05,0.25,4.2
en-066,The Deadliest Game,Richard Connell,eng,english-classics,unknown,,,PASS,manifest,draft,NOT_APPROVED_OR_NOT_RUN,UNKNOWN,draft,NOT_PROVEN,NOT_RUN,,,COVER_REVIEW_OR_RUNTIME_FALLBACK_REQUIRED,Classic literature positioned through a premium reader-first edition.,"Classic short-story readers, students, quote-card audiences, premium reader prospects",0.05,0.25,4.2
en-075,The Fiddler of the Reels,Thomas Hardy,eng,english-classics,unknown,,,PASS,manifest,draft,NOT_APPROVED_OR_NOT_RUN,UNKNOWN,draft,NOT_PROVEN,NOT_RUN,,,COVER_REVIEW_OR_RUNTIME_FALLBACK_REQUIRED,Classic literature positioned through a premium reader-first edition.,"Classic short-story readers, students, quote-card audiences, premium reader prospects",0.05,0.25,4.2
en-065,The Revolt of Mother,Mary E. Wilkins Freeman,eng,english-classics,unknown,,,PASS,manifest,draft,NOT_APPROVED_OR_NOT_RUN,UNKNOWN,draft,NOT_PROVEN,NOT_RUN,,,COVER_REVIEW_OR_RUNTIME_FALLBACK_REQUIRED,Classic literature positioned through a premium reader-first edition.,"Classic short-story readers, students, quote-card audiences, premium reader prospects",0.05,0.25,4.2
en-008,After Twenty Years,O. Henry,eng,Friendship / Duty / Moral Dilemma,unknown,,,REVIEW_REQUIRED,manifest,draft,NOT_APPROVED_OR_NOT_RUN,UNKNOWN,draft,NOT_PROVEN,NOT_RUN,,,RIGHTS_REVIEW_REQUIRED | COVER_REVIEW_OR_RUNTIME_FALLBACK_REQUIRED,Classic literature positioned through a premium reader-first edition.,"Classic short-story readers, students, quote-card audiences, premium reader prospects",0.05,0,4.05
en-100,The Adventure of the Six Napoleons,Arthur Conan Doyle,eng,Detective / Obsession / Hidden Treasure,unknown,,,REVIEW_REQUIRED,manifest,draft,NOT_APPROVED_OR_NOT_RUN,UNKNOWN,draft,NOT_PROVEN,NOT_RUN,,,RIGHTS_REVIEW_REQUIRED | COVER_REVIEW_OR_RUNTIME_FALLBACK_REQUIRED,Classic literature positioned through a premium reader-first edition.,"Classic short-story readers, students, quote-card audiences, premium reader prospects",0.05,0,4.05
en-005,The Cask of Amontillado,Edgar Allan Poe,eng,Horror / Revenge / Irony,unknown,,,REVIEW_REQUIRED,manifest,draft,NOT_APPROVED_OR_NOT_RUN,UNKNOWN,draft,NOT_PROVEN,NOT_RUN,,,RIGHTS_REVIEW_REQUIRED | COVER_REVIEW_OR_RUNTIME_FALLBACK_REQUIRED,Classic literature positioned through a premium reader-first edition.,"Classic short-story readers, students, quote-card audiences, premium reader prospects",0.05,0,4.05
