case_id,status
BE-SYNTAX-001,PASS
BE-CONTROLLED-TRUTH-001,PASS
BE-CANONICAL-PAGE-001,PASS
BE-READING-PASS-SECURITY-001,PASS
BE-PAYMENT-IDEMPOTENCY-001,PASS
BE-LEASE-CONCURRENCY-001,PASS
FE-RELEASE-TRUTH-001,PASS
FE-MANIFEST-ACCESS-001,PASS
FE-PREVIEW-POLICY-001,PASS
FE-CTA-COPY-001,PASS
FE-CRA-MOUNT-001,PASS
FE-PRODUCTION-BUILD-001,PASS
SYS-LOCAL-ENVIRONMENT-001,PASS
SYS-PRODUCTION-NETWORK-DENIAL-001,PASS
SYS-ROUTE-STATUS-001,PASS
SYS-API-CONTRACT-001,PASS
PW-HYDRATION-HOME-001,PASS
PW-HYDRATION-LIBRARY-001,PASS
PW-HYDRATION-BOOK-001,PASS
PW-HYDRATION-READER-001,PASS
PW-HYDRATION-PRICING-001,PASS
PW-HYDRATION-JOURNAL-001,PASS
PW-HYDRATION-CONTACT-001,PASS
PW-RESPONSIVE-001,PASS
PW-CHROMIUM-JOURNEY-01,PASS
PW-CHROMIUM-JOURNEY-02,PASS
PW-CHROMIUM-JOURNEY-03,PASS
PW-CHROMIUM-JOURNEY-04,PASS
PW-CHROMIUM-JOURNEY-05,PASS
PW-CHROMIUM-JOURNEY-06,PASS
PW-CHROMIUM-JOURNEY-07,PASS
PW-CHROMIUM-JOURNEY-08,PASS
PW-CHROMIUM-JOURNEY-09,PASS
PW-CHROMIUM-JOURNEY-10,PASS
PW-CHROMIUM-JOURNEY-11,PASS
PW-CHROMIUM-JOURNEY-12,PASS
PW-FIREFOX-001,PASS
PW-WEBKIT-001,PASS
SYS-CONTRAST-RESPONSIVE-001,PASS
